"date","TOC_Tesla","Q_HH_cfd_sum1","ADD_HH_sum1","SJPL_mgd","V_HH_af","SR_HH_cfs","CPT_cfs","Ta_HH_C","ADD_HH","Q_HH_cfd","ADD_HH_sum","Q_HH_cfd_sum","Tw_Tesla_C"
"1999-01-03",0.9,54301074732.8008,243,159.9,297400,42,423,5.833333333,14,14562738.00576,72,1816794138.04618,10
"1999-01-05",0.9,54301074732.8008,243,159.2,296700,42,257,6.944444444,16,14050895.73984,74,1858418471.95978,8.9
"1999-01-10",0.9,54301074732.8008,243,160.1,295100,42,129,6.111111111,21,11821905.22752,79,1933451717.62954,10
"1999-01-14",0.9,54301074732.8008,243,161.2,293300,42,317,7.5,0,15470845.24896,82,1981998895.09738,10
"1999-01-17",0.9,54301074732.8008,243,160.2,292900,43,306,6.944444444,0,48141477.60192,82,2071517041.0129,11.1
"1999-01-22",0.9,54301074732.8008,243,161.3,297500,47,547,4.166666667,0,72896245.24608,83,2512460897.2849,11.1
"1999-01-24",0.9,54301074732.8008,243,161.7,297900,51,576,2.5,1,53377836.26976,84,2625691256.5441,10
"1999-01-25",0.9,54301074732.8008,243,160.7,297900,49,488,1.666666667,0,43754258.18592,84,2669445514.73002,11.1
"1999-01-31",0.9,54301074732.8008,243,156.9,293600,46,909,-0.277777778,0,28052258.35968,87,2859827250.32266,11.1
"1999-02-02",0.9,54301074732.8008,243,159.2,290900,61,911,2.222222222,2,34708373.44128,89,2927049281.08906,11.1
"1999-02-07",1,54301074732.8008,243,159.5,291400,92,505,3.888888889,0,166285144.5984,92,3325769527.71658,11.1
"1999-02-10",1,54301074732.8008,243,158.3,292100,141,869,-3.333333333,1,89664773.04,93,3634463429.46058,8.9
"1999-02-14",0.9,54301074732.8008,243,158.8,284900,126,1362,5,1,47363389.77024,96,3863189258.97034,10
"1999-02-16",1,54301074732.8008,243,158.2,281000,120,1360,2.777777778,0,53717446.91808,97,3968748024.50794,10
"1999-02-21",1,54301074732.8008,243,114,273300,136,1255,-0.555555556,1,45363366.20448,100,4226230197.7969,12.2
"1999-02-25",1.1,54301074732.8008,243,114,265300,141,1306,4.166666667,0,42301383.2352,102,4399205686.65994,10
"1999-02-28",1.1,54301074732.8008,243,113.7,259200,136,1352,7.5,0,49317900.77952,104,4536436127.41354,10
"1999-03-03",1.1,54301074732.8008,243,114,254100,133,1346,9.444444444,0,59560939.63008,105,4711572259.23082,11.1
"1999-03-07",1.1,54301074732.8008,243,114.1,246300,129,1355,3.333333333,4,46109717.97696,109,4918595141.63722,10
"1999-03-11",1.2,54301074732.8008,243,92.9,237800,125,1308,2.5,2,40701925.67328,111,5084317089.95242,10
"1999-03-14",1.1,54301074732.8008,243,113.5,231400,150,1341,5.833333333,5,41638050.45792,114,5207378494.3537,12.2
"1999-03-15",1,54301074732.8008,243,113.4,229200,149,1339,6.388888889,6,44231896.22976,115,5251610390.58346,10
"1999-03-21",1.1,54301074732.8008,243,113.5,218600,132,1323,4.444444444,0,62338667.04864,119,5598854179.07818,8.9
"1999-03-24",1.1,54301074732.8008,243,113.3,213600,131,1318,7.222222222,2,67322974.32288,121,5787483323.8225,11.1
"1999-03-28",1.1,54301074732.8008,243,113.6,208800,131,1314,6.666666667,6,84933821.8944,125,6111070458.82186,10
"1999-03-29",1.1,54301074732.8008,243,113.3,207500,130,1313,7.777777778,0,81150317.54496,125,6192220776.36682,11.1
"1999-04-04",1,54301074732.8008,243,113.5,197200,152,1245,1.111111111,1,48869905.92768,128,6549132403.93738,10
"1999-04-05",1.1,54301074732.8008,243,112.9,195200,150,1294,0.833333333,0,48533057.93664,128,6597665461.87402,11.1
"1999-04-11",1.2,54301074732.8008,243,227.2,184300,139,1255,3.888888889,1,53232761.05344,130,6891938557.93354,10
"1999-04-12",1.1,54301074732.8008,243,227.9,182600,136,1162,8.055555556,2,63098364.89088,131,6955036922.82442,10
"1999-04-18",1.3,54301074732.8008,243,226.9,181500,143,1259,16.66666667,8,173436291.4176,137,7707824803.70698,11.1
"1999-04-19",1.3,54301074732.8008,243,227.7,183000,145,1186,15.55555556,9,185913140.8896,138,7893737944.59658,11.1
"1999-04-25",1.3,54301074732.8008,243,227.7,188000,153,1262,11.94444444,1,164745613.4112,143,8964044127.51178,11.7
"1999-04-29",1.3,54301074732.8008,243,227.2,190800,136,1285,9.722222222,5,145777029.5232,147,9589783726.86538,11.1
"1999-05-02",1.2,54301074732.8008,243,225.2,190200,263,1285,6.388888889,0,130511315.9232,149,10001064166.7118,11.1
"1999-05-03",1.2,54301074732.8008,243,226.3,190000,219,1285,3.888888889,0,134351567.3952,149,10135415734.107,11.1
"1999-05-09",1.3,54301074732.8008,243,226.9,203600,181,1285,9.444444444,6,340457784.768,155,11625624110.3118,12.2
"1999-05-10",1.3,54301074732.8008,243,227.3,206700,186,1286,11.11111111,7,379405403.136,156,12005029513.4478,12.2
"1999-05-19",1.4,54301074732.8008,243,226.7,242100,3180,1349,14.16666667,16,427532558.0544,165,15442008291.051,12.2
"1999-05-23",1.5,54301074732.8008,243,226.8,257300,3250,1351,19.16666667,20,627154773.8112,169,17687138162.7534,13.3
"1999-05-24",1.4,54301074732.8008,243,226.4,262000,3660,1354,16.66666667,21,649136057.3568,170,18336274220.1102,13.9
"1999-05-30",1.6,54301074732.8008,243,226.2,293300,2530,1383,15,27,614579244.6528,176,22296688274.283,13.3
"1999-06-01",1.6,54301074732.8008,243,224.9,302300,2560,1384,13.33333333,0,488501638.2144,177,23342448837.9822,15.6
"1999-06-06",1.6,54301074732.8008,243,225.8,309800,980,1387,13.61111111,4,265673699.6256,181,24979448544.7182,13.3
"1999-06-07",1.7,54301074732.8008,243,224.6,311800,983,1386,12.22222222,5,281699976.7008,182,25261148521.419,12.2
"1999-06-13",1.7,54301074732.8008,243,224.7,334200,1020,1390,17.5,11,510796697.0976,188,27727551673.611,13.3
"1999-06-17",1.6,54301074732.8008,243,224.4,356500,2610,1388,18.88888889,15,541039481.0784,192,29956482467.6334,13.3
"1999-06-20",1.5,54301074732.8008,243,224.4,361700,3760,1396,20,18,469327342.4928,195,31417506566.1294,14.4
"1999-06-21",1.5,54301074732.8008,243,223.8,361400,3720,1396,19.16666667,19,459597102.8832,196,31877103669.0126,12.2
"1999-06-27",1.5,54301074732.8008,243,224.9,361000,911,1393,19.16666667,25,299020893.408,202,34079667421.5726,15.6
"1999-06-28",1.5,54301074732.8008,243,224.7,361700,892,1397,20.55555556,26,269475852.0672,203,34349143273.6398,14.4
"1999-07-04",1.5,54301074732.8008,243,225.4,361100,759,1392,16.38888889,32,187804504.1952,209,35681653263.3198,12.2
"1999-07-07",1.7,54301074732.8008,243,225.3,359900,191,1392,17.5,35,141190561.9872,212,36150958084.7886,13.3
"1999-07-11",1.4,54301074732.8008,243,224.9,357300,191,1237,22.5,39,112234041.5904,216,36636599118.0174,13.3
"1999-07-14",1.5,54301074732.8008,243,224.5,355400,166,1087,23.33333333,42,93145308.8256,219,36937353319.323,14.4
"1999-07-18",1.4,54301074732.8008,243,224.7,356200,128,452,19.16666667,46,59110387.33824,223,37224083426.3761,12.2
"1999-07-22",1.5,54301074732.8008,243,224.4,354900,126,400,18.33333333,50,35961686.17344,227,37390858670.5508,14.4
"1999-07-25",1.4,54301074732.8008,243,225.4,353300,128,465,18.05555556,53,27428871.24,230,37480122924.8651,14.4
"1999-07-28",1.4,54301074732.8008,243,225.1,351600,127,364,20,56,24015745.26144,233,37554440990.4395,16.7
"1999-08-02",1.3,54301074732.8008,243,226.3,348600,127,360,18.88888889,61,19499496.25824,238,37658733984.2612,15.6
"1999-08-09",1.3,54301074732.8008,243,159.4,344300,126,199,15.83333333,0,10805225.45472,243,37774396068.3927,14.4
"1999-08-16",1.3,54301074732.8008,243,262.1,338000,127,433,15.83333333,6,11896481.664,249,37881267619.4545,12.8
"1999-08-23",1.3,54301074732.8008,243,262.2,331600,129,432,23.05555556,13,10157229.95616,256,37954273597.1502,12.2
"1999-08-30",1.3,54301074732.8008,243,261.6,324600,128,307,15.27777778,4,9016280.83872,262,38032138689.1681,18.3
"1999-09-07",1.3,54301074732.8008,243,261.4,316600,112,345,22.22222222,12,5524399.80864,270,38090037138.3729,13.3
"1999-09-13",1.3,54301074732.8008,243,259.4,310800,111,338,20,18,5810535.3888,276,38144156425.3233,14.4
"1999-09-22",1.2,54301074732.8008,243,260.1,301800,87,499,18.33333333,0,6926747.452704,282,38202887877.8541,14.4
"1999-09-29",1.3,54301074732.8008,243,260.9,295000,86,424,21.38888889,7,4462015.229856,289,38254443276.687,15.6
"1999-10-06",1.3,38258817153.3449,290,259.5,287900,67,503,13.88888889,14,3133951.838208,6,23630632.943904,13.3
"1999-10-13",1.2,38258817153.3449,290,260.1,281400,67,448,18.61111111,21,3099700.998144,13,49952403.300672,16.7
"1999-10-18",1.2,38258817153.3449,290,260.7,276800,67,501,16.66666667,26,873396.413856,18,69269876.92656,14.4
"1999-10-27",1.2,38258817153.3449,290,157,270400,65,275,9.166666667,0,5103375.123744,26,133798459.021344,14.4
"1999-11-03",1.3,38258817153.3449,290,158.3,266500,65,272,13.61111111,7,3799461.174912,33,168441252.159168,14.4
"1999-11-10",1.3,38258817153.3449,290,158.1,262300,65,295,11.11111111,2,5269221.390816,38,207927063.08928,12.8
"1999-11-17",1.1,38258817153.3449,290,157.5,258600,65,247,6.111111111,1,8254001.862144,43,257761277.568864,13.3
"1999-11-22",1.2,38258817153.3449,290,155.6,256600,65,345,4.444444444,2,10488418.5312,46,327778558.019424,12.2
"1999-12-01",1.1,38258817153.3449,290,158.7,251900,57,295,3.055555556,1,6532690.190688,54,382322621.23776,12.8
"1999-12-08",1.1,38258817153.3449,290,157.9,247900,49,296,1.111111111,8,3841611.843456,61,442988887.445856,12.2
"1999-12-22",1,38258817153.3449,290,228.3,238200,52,419,7.777777778,9,2242565.288928,74,492255678.921754,11.1
"1999-12-29",1,38258817153.3449,290,228.8,232800,52,402,5.555555556,16,2757937.436352,81,526429030.971226,11.7
"2000-01-05",0.9,38258817153.3449,290,229.9,226800,35,498,2.777777778,4,8010324.483552,87,546127775.122752,12.2
"2000-01-12",1,38258817153.3449,290,228.9,221200,34,398,7.5,1,4305407.784768,93,564924782.666304,12.2
"2000-01-19",0.8,38258817153.3449,290,230.2,218900,35,465,9.444444444,0,36546114.0816,94,749363920.155648,11.7
"2000-01-26",1,38258817153.3449,290,230.4,222800,40,344,6.111111111,0,64304664.27264,95,1172886883.93901,10.55
"2000-02-02",1.3,38258817153.3449,290,229.4,221300,63,377,7.777777778,2,24417252.16128,100,1381181340.67661,11.1
"2000-02-09",1,38258817153.3449,290,229.2,218900,61,369,12.22222222,0,24465380.78016,105,1533132554.81645,12.8
"2000-02-16",1.1,38258817153.3449,290,92.7,224800,69,610,1.944444444,0,80727735.12768,105,2156957365.62125,12.2
"2000-02-24",1.2,38258817153.3449,290,92.7,220400,64,907,0.555555556,0,35326405.55808,107,2474464149.88589,12.8
"2000-03-01",1.3,38258817153.3449,290,92.9,214300,150,1304,3.888888889,1,53716488.336,110,2814594043.46573,14.4
"2000-03-08",1.2,38258817153.3449,290,92.8,200800,142,1299,2.222222222,0,42653774.2752,111,3135512916.56333,11.7
"2000-03-15",1.4,38258817153.3449,290,94.6,188800,134,1271,11.94444444,7,74414559.22848,118,3509897864.47085,12.8
"2000-03-22",1.2,38258817153.3449,290,92.1,181600,130,1271,11.11111111,14,74907039.20256,125,4113561456.46829,11.1
"2000-03-29",1.2,38258817153.3449,290,92.8,174500,136,1262,10.27777778,21,97110373.7376,132,4719253398.28013,11.1
"2000-04-06",1.2,38258817153.3449,290,91.3,173400,151,1253,14.72222222,29,167862563.4816,140,5685163865.19533,12.5
"2000-04-12",1.4,38258817153.3449,290,91.8,179300,153,1255,17.77777778,0,210131228.6784,145,6793546781.08973,12.2
"2000-04-19",1.3,38258817153.3449,290,157.4,185000,160,1271,8.888888889,1,115915173.4656,147,8024026566.15533,11.1
"2000-04-26",1.5,38258817153.3449,290,241.1,188600,159,1273,16.38888889,8,224856919.8144,154,9168940027.58573,11.1
"2000-05-03",1.4,38258817153.3449,290,241.3,218100,183,1299,16.94444444,15,404412258.2976,161,11437084338.1361,12.2
"2000-05-10",1.5,38258817153.3449,290,241.5,260500,211,1356,8.611111111,2,360376961.4144,165,14629745941.7777,12.2
"2000-05-17",1.5,38258817153.3449,290,241.7,265300,216,1373,10.83333333,1,203185313.0496,170,16070049458.0945,11.1
"2000-05-25",1.7,38258817153.3449,290,241.8,311000,1520,1384,18.88888889,9,558022891.4784,178,19708312988.7665,15.6
"2000-05-31",1.6,38258817153.3449,290,241.18,333900,2490,1384,16.38888889,15,408981782.9664,184,22719299350.9553,14.4
"2000-06-08",1.7,38258817153.3449,290,240.6,360700,1350,1390,10,0,326159660.5344,190,25867818949.8257,13.3
"2000-06-14",1.7,38258817153.3449,290,240.7,363500,2730,1390,26.38888889,6,346761682.3872,196,27629877103.7201,14.4
"2000-06-21",1.7,38258817153.3449,290,241.1,361400,1160,1395,24.44444444,13,237332950.7328,203,29760895953.1889,16.7
"2000-06-28",1.8,38258817153.3449,290,238.7,361600,549,1394,26.38888889,0,179347958.1792,207,31168881940.0337,15.6
"2000-07-05",1.6,38258817153.3449,290,240.6,356700,165,700,17.77777778,7,71510648.54112,214,31951152523.9918,14.4
"2000-07-13",1.7,38258817153.3449,290,241.4,355600,130,366,21.94444444,15,41377147.11648,222,32362085870.6388,14.4
"2000-07-20",1.5,38258817153.3449,290,238.7,352600,127,278,22.77777778,22,25981184.58336,229,32598324557.034,14.4
"2000-07-26",1.4,38258817153.3449,290,239.3,348400,124,471,23.88888889,28,33730937.05824,235,32737859630.7224,14.4
"2000-08-02",1.4,38258817153.3449,290,239.2,341600,128,691,26.66666667,35,24256619.73504,242,32858049766.244,15.6
"2000-08-09",1.5,38258817153.3449,290,238.3,336900,129,338,21.94444444,6,16167608.51904,248,33023633674.3505,16.7
"2000-08-16",1.5,38258817153.3449,290,238.9,329700,126,474,24.72222222,13,6443612.090496,255,33094614943.0578,15.6
"2000-08-23",1.5,38258817153.3449,290,237.7,322600,127,447,22.77777778,20,5272046.256096,262,33145112034.0095,16.7
"2000-08-30",1.4,38258817153.3449,290,238,315700,127,416,18.33333333,1,8578465.389504,267,33190886412.9092,13.3
"2000-09-06",1.4,38258817153.3449,290,237.8,309500,127,426,15,4,3895173.302112,271,33257652631.1772,13.3
"2000-09-13",1.4,38258817153.3449,290,236.8,302300,101,459,22.5,11,1494606.048768,278,33281954925.5241,14.4
"2000-09-23",1.3,38258817153.3449,290,236.3,292900,85,382,14.16666667,21,3911269.059648,288,33336294202.6606,16.7
"2000-09-28",1.3,38258817153.3449,290,235.5,288400,81,432,17.22222222,26,0,293,33363673086.0781,14.4
"2000-10-04",1.4,33367503876.351,295,236.8,282800,65,438,18.33333333,32,0,4,14920981.391232,14.4
"2000-10-11",1.4,33367503876.351,295,234.5,276500,65,440,6.111111111,0,0,8,41198387.992704,13.3
"2000-10-19",1.4,33367503876.351,295,235.4,269300,65,478,15.55555556,8,394071.5373696,16,80354768.9304384,15.6
"2000-10-26",1.5,33367503876.351,295,234.6,263200,66,380,6.111111111,0,3869066.003328,20,116680999.74071,12.2
"2000-10-31",1.4,33367503876.351,295,235.3,259800,66,392,5.555555556,2,5158754.670816,23,161336469.860582,13.3
"2000-11-07",1.2,33367503876.351,295,236.8,254000,66,470,7.5,9,5221425.000672,30,231996817.990022,12.2
"2000-11-14",1.2,33367503876.351,295,235.7,248300,67,436,1.111111111,1,470398.648752,34,291125928.134131,12.2
"2000-11-20",1.2,33367503876.351,295,236.6,243100,66,377,7.777777778,7,5644783.78416,40,315085397.084755,12.2
"2000-11-27",1.2,33367503876.351,295,236,236700,66,431,11.11111111,14,6475821.397056,47,368789242.810291,12.2
"2000-12-04",1.1,33367503876.351,295,154.9,232700,57,125,8.888888889,5,7220289.53808,53,444873315.308371,12.2
"2000-12-11",1,33367503876.351,295,151.8,228600,57,139,6.388888889,0,4481045.672256,58,495702452.260051,13.3
"2000-12-18",0.9,33367503876.351,295,162.4,222900,56,324,5.277777778,4,12445694.95392,62,539383608.902419,12.2
"2000-12-26",0.9,33367503876.351,295,161.3,218200,57,306,4.722222222,12,1146314.0088,70,632809264.020883,10
"2001-01-02",1,33367503876.351,295,160.6,214300,45,344,9.166666667,19,733476.9707424,77,673996010.196874,11.1
"2001-01-08",0.8,33367503876.351,295,161.2,211100,45,251,8.888888889,0,5688918.944064,81,715249617.386026,10.6
"2001-01-16",1,33367503876.351,295,147.8,208500,45,2,1.111111111,2,11717741.85408,86,820509951.870922,10
"2001-01-29",0.9,33367503876.351,295,72.5,203300,40,475,1.388888889,1,8157695.089536,94,944643901.082314,10
"2001-02-05",0.9,33367503876.351,295,161.5,197000,56,585,11.66666667,8,23498578.59552,101,1050786969.12539,11.1
"2001-02-12",0.9,33367503876.351,295,160.7,191000,51,572,-0.277777778,0,20450559.63744,105,1203234990.71291,10
"2001-02-20",0.9,33367503876.351,295,161.4,184000,54,588,3.055555556,0,26505408.10752,109,1373821078.78043,10
"2001-02-26",1,33367503876.351,295,160.6,179400,54,573,4.166666667,2,23566246.9632,111,1527125252.40539,10
"2001-03-05",0.9,33367503876.351,295,227.9,174300,66,599,5,0,38923883.01792,111,1715227864.29179,10
"2001-03-13",1,33367503876.351,295,226.2,170800,51,597,9.166666667,4,38467400.8608,117,2042277269.96123,10
"2001-03-19",1,33367503876.351,295,223.8,170500,53,614,15,10,84236008.19904,123,2402306257.93307,10.55
"2001-03-27",0.9,33367503876.351,295,224.6,181400,50,625,13.05555556,3,138186180.4896,130,3353858378.51867,11.1
"2001-04-03",1,33367503876.351,295,224,194800,63,775,3.611111111,10,125679606.3072,137,4410234245.71547,10
"2001-04-09",1.2,33367503876.351,295,224,192900,68,701,2.222222222,1,62365168.7712,139,4885787208.05819,10
"2001-04-17",0.9,33367503876.351,295,223.4,190700,74,884,12.22222222,6,106261814.2176,145,5473824684.53723,11.7
"2001-04-24",1.1,33367503876.351,295,224,197200,101,904,14.44444444,4,186130885.4784,149,6446152267.80443,11.1
"2001-05-01",1.2,33367503876.351,295,223.3,220400,143,1315,16.94444444,11,298935800.7264,156,8333654855.15483,12.2
"2001-05-08",1.3,33367503876.351,295,224.6,245800,156,1334,22.77777778,18,421756072.4736,163,10524309353.9708,11.1
"2001-05-15",1.4,33367503876.351,295,222.7,288900,143,1380,17.5,25,403930540.6272,170,13544650265.414,12.2
"2001-05-22",1.3,33367503876.351,295,231.6,328300,116,1229,23.88888889,32,350358095.0016,177,16244154918.7484,16.7
"2001-05-29",1.4,33367503876.351,295,292.4,350400,153,1392,18.88888889,39,216375170.1408,184,18186542062.8188,11.1
"2001-06-06",1.5,33367503876.351,295,292.6,359000,158,507,19.72222222,47,93790976.1984,192,19378157792.918,13.3
"2001-06-12",1.5,33367503876.351,295,294.2,359300,108,565,17.22222222,53,58365115.58304,198,19808305866.1062,15.6
"2001-06-19",1.5,33367503876.351,295,292.7,356300,110,493,22.5,60,33836411.34432,205,20100427782.0419,15.6
"2001-06-26",1.5,33367503876.351,295,293.4,351300,110,521,20,67,22993134.62112,212,20295162256.0892,14.4
"2001-07-03",1.5,33367503876.351,295,293.8,345400,109,639,28.33333333,74,23502585.6288,219,20429940616.407,15.6
"2001-07-16",1.5,33367503876.351,295,290.5,336800,109,431,18.61111111,7,13660702.4016,228,20811948891.4019,13.3
"2001-07-24",1.6,33367503876.351,295,292.9,328700,109,537,22.22222222,1,3813203.259936,235,20895708325.2024,13.3
"2001-07-31",1.6,33367503876.351,295,292.3,320500,112,523,20.83333333,8,5287379.77728,242,20947509172.0635,13.3
"2001-08-09",1.7,33367503876.351,295,292.2,310700,111,489,26.11111111,17,8656776.56448,251,21022670361.5178,15.6
"2001-08-17",1.5,33367503876.351,295,292,301600,110,466,26.38888889,25,5423215.905504,259,21078000985.497,17.8
"2001-08-21",1.4,33367503876.351,295,291.7,297000,110,521,21.94444444,29,3029871.797568,263,21091928211.3225,14.4
"2001-08-28",1.6,33367503876.351,295,291.8,289000,113,468,26.11111111,36,2877105.15216,270,21122914379.1977,15.6
"2001-09-05",1.5,33367503876.351,295,291.6,279700,82,563,22.22222222,44,4188287.70144,278,21148916539.0331,14.4
"2001-09-11",1.4,33367503876.351,295,290.7,273100,81,478,20.83333333,50,1779337.91232,284,21178125055.2207,13.3
"2001-09-18",1.5,33367503876.351,295,290.9,265400,66,452,20.83333333,57,2025707.776704,291,21202324050.8274,13.6
"2001-09-25",1.5,33367503876.351,295,290.1,257900,69,577,22.22222222,1,2354200.93008,297,21240940245.9312,13.3
"2001-10-02",1.4,21258940888.5905,302,290,251200,57,328,24.16666667,8,4161042.176832,2,24966253.060992,15.6
"2001-10-09",1.5,21258940888.5905,302,289.7,242900,56,516,14.44444444,15,0,9,29127295.237824,15.6
"2001-10-16",1.5,21258940888.5905,302,289.7,235900,55,487,20,22,13870140.58944,16,58116262.926528,13.3
"2001-10-23",1.3,21258940888.5905,302,253.1,229000,55,491,15,29,1177653.446208,23,75833404.772832,13.3
"2001-10-30",1.4,21258940888.5905,302,252.5,222600,58,441,8.055555556,0,7432301.748672,28,103188611.964672,13.6
"2001-11-06",1.3,21258940888.5905,302,253.2,216400,57,495,13.61111111,7,3724756.350624,35,147598490.50272,13.3
"2001-11-13",1.2,21258940888.5905,302,252.3,210700,55,451,6.111111111,1,6576007.894272,39,180099461.848032,12.2
"2001-11-20",1.2,21258940888.5905,302,254.1,204900,55,418,8.888888889,8,13531083.912,46,246376214.04528,13.3
"2001-11-28",1.2,21258940888.5905,302,254.1,203700,55,520,2.222222222,0,21639845.52864,49,539756106.50736,12.2
"2001-12-04",1.3,21258940888.5905,302,254.6,203000,57,412,-0.833333333,1,42689894.98752,50,782392170.32784,12.5
"2001-12-09",1.2,21258940888.5905,302,109.1,203500,57,190,1.388888889,1,28374207.31008,53,945130556.59056,13.3
"2001-12-11",1.6,21258940888.5905,302,108.1,203400,57,199,0.277777778,3,27798640.74144,55,1001680584.43824,11.95
"2001-12-17",1.2,21258940888.5905,302,107.4,203800,57,229,1.666666667,0,18670399.85376,58,1136509298.676,11.65
"2001-12-18",1.1,21258940888.5905,302,106.8,203000,56,352,3.055555556,1,20984912.23104,59,1157494210.90704,11.65
"2001-12-26",1.3,21258940888.5905,302,108.6,196900,56,635,6.111111111,4,29968649.17056,64,1362496327.96752,11.65
"2001-12-30",1.3,21258940888.5905,302,107.6,192900,113,1234,6.388888889,0,76773232.83168,64,1661016991.21776,12.2
"2002-01-03",1.3,21258940888.5905,302,108.4,188800,131,1233,4.722222222,1,71464625.94816,65,1981365671.70576,11.65
"2002-01-06",1.2,21258940888.5905,302,107.1,183900,124,1269,9.444444444,0,63491361.42528,66,2182349697.65136,12.2
"2002-01-10",1.2,21258940888.5905,302,108.2,177000,120,1263,7.222222222,4,50272058.03904,70,2398160780.10288,11.1
"2002-01-13",1.3,21258940888.5905,302,108.6,171400,117,1254,7.222222222,7,41429415.91104,73,2530219834.55664,11.1
"2002-01-17",1.2,21258940888.5905,302,108.8,163300,128,1242,2.5,11,31303548.61056,77,2672086183.01712,10
"2002-01-20",1.2,21258940888.5905,302,108.7,157100,125,1163,2.777777778,14,29296834.5312,80,2760863928.15888,10
"2002-01-24",1.2,21258940888.5905,302,106.5,151500,55,556,1.388888889,3,27093617.30304,83,2869649267.62032,10
"2002-01-27",1.1,21258940888.5905,302,106.3,149600,58,442,2.222222222,0,26280808.78464,84,2949429549.95568,10
"2002-01-31",1.2,21258940888.5905,302,107.7,146300,58,602,-2.222222222,3,23654812.03488,87,3050300840.49072,10
"2002-02-03",1.2,21258940888.5905,302,108.9,143600,61,615,2.222222222,6,21984703.00704,90,3114243158.87088,10
"2002-02-10",1.2,21258940888.5905,302,109,137000,63,786,6.111111111,3,30575592.72,96,3300159022.6392,10
"2002-02-17",1.2,21258940888.5905,302,108.5,130000,65,799,7.777777778,0,37944390.82464,100,3541783621.49712,10
"2002-02-24",1.2,21258940888.5905,302,107.5,125100,62,809,8.888888889,5,53847116.7552,106,3876543510.88464,10
"2002-03-03",1.3,21258940888.5905,302,151.8,123500,61,626,7.222222222,12,45620294.7312,113,4244922663.732,10
"2002-03-10",1.3,21258940888.5905,302,154.6,121100,60,634,3.611111111,0,44328486.53952,116,4576209528.59568,10
"2002-03-17",1.1,21258940888.5905,302,152.9,117300,58,633,-1.111111111,0,34542597.096,119,4849440864.89616,10
"2002-03-24",1.3,21258940888.5905,302,239.1,114900,59,585,5.555555556,1,53388839.87136,124,5174111952.76464,10
"2002-03-31",1.1,21258940888.5905,302,237.3,114600,61,696,16.38888889,8,116730417.2544,131,5695099965.63792,10
"2002-04-07",1.2,21258940888.5905,302,239.9,133400,72,640,11.94444444,15,223747120.5408,138,7042099327.16112,10
"2002-04-14",1.2,21258940888.5905,302,237.5,162100,138,1032,15.27777778,22,299613179.3184,145,8871848089.82352,11.1
"2002-04-21",1.3,21258940888.5905,302,233.9,170600,147,1141,11.11111111,4,108010850.2848,150,10127657453.5771,10
"2002-04-28",1.4,21258940888.5905,302,236,179300,138,1050,6.944444444,0,161853116.976,152,11347701463.4587,11.1
"2002-05-05",1.5,21258940888.5905,302,235.9,183700,163,1032,15,5,221351521.5648,157,12401394917.2027,12.2
"2002-05-12",1.5,21258940888.5905,302,247.3,208100,166,1076,15,12,271384609.3344,164,14326444466.7739,13.3
"2002-05-19",1.7,21258940888.5905,302,289.7,252100,169,1255,11.38888889,0,434229885.5904,170,17129966105.7691,12.2
"2002-05-26",1.7,21258940888.5905,302,290,273400,170,1099,16.94444444,6,304015334.6592,176,19118447733.2155,12.2
"2002-06-02",1.6,21258940888.5905,302,291.4,328800,124,793,15.55555556,2,469410633.7344,182,22268835299.2219,12.2
"2002-06-09",1.6,21258940888.5905,302,290.7,361000,1020,1388,14.16666667,9,289810622.4768,189,24885505576.3579,13.3
"2002-06-16",1.6,21258940888.5905,302,287.8,361600,774,1381,19.72222222,16,191474788.3776,196,26343812384.7451,14.4
"2002-06-23",1.6,21258940888.5905,302,290.5,360000,169,1393,20.27777778,23,125660074.6368,203,27449066991.6475,14.4
"2002-06-30",1.5,21258940888.5905,302,290.3,359900,124,630,23.88888889,30,77127450.1344,210,28101993276.5525,14.4
"2002-07-07",1.6,21258940888.5905,302,289.3,358100,132,403,22.5,37,39503301.05664,217,28507747480.7544,15.6
"2002-07-14",1.4,21258940888.5905,302,289,353700,126,454,26.94444444,44,27396721.10016,224,28732954748.3093,15.6
"2002-07-21",1.5,21258940888.5905,302,288.2,348000,125,396,24.44444444,51,17077006.75104,231,28883594304.5746,15.6
"2002-07-28",1.5,21258940888.5905,302,288.9,341200,129,398,24.16666667,58,10786221.98208,238,28970466508.1448,15.6
"2002-08-04",1.7,21258940888.5905,302,287,333600,129,419,20.83333333,65,9374693.60448,245,29041976612.0385,15.6
"2002-08-11",1.6,21258940888.5905,302,288.8,325600,132,385,25,72,5508580.070592,252,29089030570.8998,13.3
"2002-08-18",1.4,21258940888.5905,302,288.6,317400,134,412,23.88888889,79,5205355.47936,259,29131954899.6125,14.4
"2002-08-25",1.6,21258940888.5905,302,288.9,309100,132,447,20.83333333,86,3663963.808128,266,29160619650.7335,13.3
"2002-09-01",1.4,21258940888.5905,302,286.3,300800,131,460,23.88888889,93,3615987.36384,273,29192218936.069,15.6
"2002-09-08",1.5,21258940888.5905,302,287.1,293300,106,441,15,2,4974722.008992,277,29234042291.2179,14.4
"2002-09-15",1.9,21258940888.5905,302,288.4,285300,110,393,22.22222222,9,1731290.91984,284,29260612754.208,15.6
"2002-09-22",1.4,21258940888.5905,302,288,277300,109,478,23.61111111,16,6771758.153472,291,29322914181.5174,15.6
"2002-09-29",1.5,21258940888.5905,302,288.8,270100,86,395,15.55555556,23,1665545.694336,298,29338802610.8417,14.4
"2002-10-06",1.4,29340468156.5361,299,220.6,262200,75,358,18.05555556,30,5671630.19952,6,70020125.912736,15.6
"2002-10-13",1.4,29340468156.5361,299,220.6,255700,65,275,16.94444444,37,0,13,70020125.912736,15.6
"2002-10-20",1.4,29340468156.5361,299,220.5,249600,63,344,13.88888889,44,0,20,70020125.912736,14.4
"2002-10-27",1.4,29340468156.5361,299,158.2,244400,60,198,10.55555556,51,0,27,70020125.912736,13.3
"2002-11-03",1.4,29340468156.5361,299,158.4,239600,64,264,11.38888889,58,0,34,70020125.912736,12.2
"2002-11-10",1.3,29340468156.5361,299,159.5,247600,65,325,5.833333333,0,108149948.4096,36,635764389.710947,13.3
"2002-11-17",1.3,29340468156.5361,299,160.9,248400,65,328,10.55555556,7,15490616.74848,43,861352242.267427,14.4
"2002-11-24",1.3,29340468156.5361,299,160.3,246800,60,264,8.888888889,14,15161347.60128,50,981469199.935267,13.3
"2002-12-01",1.3,29340468156.5361,299,159.7,243700,52,276,7.222222222,21,9882653.71968,57,1048514023.09207,13.3
"2002-12-08",1.3,29340468156.5361,299,157.6,240500,55,257,6.666666667,28,8637973.546752,64,1118947963.22781,13.3
"2002-12-15",1.3,29340468156.5361,299,158.9,238000,56,275,5.833333333,0,36515069.99136,66,1248480172.59895,13.3
"2002-12-22",1.3,29340468156.5361,299,159.5,238800,58,268,1.666666667,2,26936908.84512,69,1509740143.05943,11.1
"2002-12-29",1.3,29340468156.5361,299,159.2,238100,60,274,1.944444444,1,30248933.33664,75,1696605989.26519,12.2
"2003-01-05",1.3,29340468156.5361,299,157.8,239400,57,262,11.11111111,5,42589226.07936,80,1963387611.65143,12.2
"2003-01-12",1.3,29340468156.5361,299,159.2,241500,57,234,8.333333333,2,36613696.90464,84,2256132780.82135,11.1
"2003-01-19",2.1,29340468156.5361,299,160.6,239900,56,394,9.722222222,9,37754479.74528,91,2491162501.02967,10
"2003-01-26",1.3,29340468156.5361,299,158.6,239000,56,298,10.27777778,4,41720058.2016,97,2766287763.29431,10.6
"2003-02-02",1.3,29340468156.5361,299,160.2,239100,61,422,5.833333333,1,64510987.2048,103,3089455119.78103,11.1
"2003-02-09",1.4,29340468156.5361,299,159,238500,61,260,5.277777778,8,21424582.46016,110,3300543829.56151,10
"2003-02-16",1.4,29340468156.5361,299,160.3,238400,62,239,5.833333333,1,31698892.44288,114,3498128117.69239,11.1
"2003-02-23",1.4,29340468156.5361,299,159,237800,58,208,8.333333333,4,23012264.4624,120,3702382639.98679,11.1
"2003-03-02",1.2,29340468156.5361,299,158.7,233700,64,508,5,4,40138903.44288,124,3901767742.12375,11.1
"2003-03-09",1.2,29340468156.5361,299,159.8,232800,46,242,11.94444444,6,25076116.65024,130,4072472805.10807,11.1
"2003-03-16",1.2,29340468156.5361,299,236.7,236100,47,377,5.833333333,0,69186118.43808,134,4484990206.93591,11.1
"2003-03-23",1.2,29340468156.5361,299,236.6,237000,47,596,6.944444444,0,61168118.77728,138,4853764395.58231,11.65
"2003-03-30",1.3,29340468156.5361,299,237.4,240300,46,597,13.61111111,5,85412847.84192,144,5401939798.30519,12.2
"2003-04-06",1.3,29340468156.5361,299,237.3,243600,61,814,5.555555556,2,75125130.87744,147,6009607454.57623,11.1
"2003-04-13",1.4,29340468156.5361,299,237,249000,84,773,4.166666667,0,144167763.6864,152,6826197557.17207,11.1
"2003-04-20",1.3,29340468156.5361,299,235.8,246100,139,1298,10,0,86949220.0032,154,7591633671.82807,12.2
"2003-04-27",1.5,29340468156.5361,299,236.1,240000,127,1298,7.777777778,0,106040010.384,156,8285779218.20887,11.1
"2003-05-04",1.5,29340468156.5361,299,236.3,233900,172,1306,8.055555556,1,109364693.0112,159,8994327044.36887,12.2
"2003-05-11",1.5,29340468156.5361,299,236.4,228400,163,1307,11.66666667,3,137020545.9936,163,9798897613.24567,12.8
"2003-05-18",1.3,29340468156.5361,299,235.6,248600,175,1296,14.44444444,4,355819289.9616,169,11705625593.1913,12.2
"2003-05-25",1.4,29340468156.5361,299,240,312300,215,1350,20.55555556,11,693931744.0512,176,15554384765.7961,13.3
"2003-06-01",1.4,29340468156.5361,299,234.8,360200,6950,1360,20.27777778,18,712122810.2784,183,20959764395.7001,15.6
"2003-06-08",1.8,29340468156.5361,299,290,361400,4160,1395,21.11111111,25,509354039.7504,190,25130255471.4505,14.4
"2003-06-15",1.9,29340468156.5361,299,290.9,361400,2240,1396,19.44444444,32,325522976.0832,197,27894054098.8201,14.4
"2003-06-22",1.8,29340468156.5361,299,289.9,360700,477,1392,16.38888889,39,182769062.6016,204,29647181765.3737,14.4
"2003-06-29",1.6,29340468156.5361,299,291.2,359400,195,1119,22.5,46,117960778.8288,211,30598383291.8665,15.6
"2003-07-06",1.6,29340468156.5361,299,291,360300,131,520,21.66666667,53,65530448.13312,218,31214954788.189,15.6
"2003-07-13",1.6,29340468156.5361,299,290.3,356600,133,474,23.61111111,60,39945546.08352,225,31560106728.1397,14.4
"2003-07-20",1.6,29340468156.5361,299,290.2,351800,131,489,25.27777778,0,39088712.1168,231,31813361223.3797,14.4
"2003-07-27",1.6,29340468156.5361,299,288.9,347900,140,498,26.66666667,7,34081171.55424,238,32066492339.2556,15.6
"2003-08-03",1.5,29340468156.5361,299,290.6,345300,132,484,24.72222222,0,35013874.25088,239,32330587196.6098,14.4
"2003-08-10",1.6,29340468156.5361,299,289.3,339400,127,467,21.66666667,7,12353888.51712,246,32466134675.2988,15.6
"2003-08-17",1.5,29340468156.5361,299,290.2,332200,135,487,24.16666667,14,8442942.8328,253,32535251228.617,15.6
"2003-08-24",1.6,29340468156.5361,299,288.9,324700,128,508,22.5,1,9970393.7232,258,32635618313.4573,15.6
"2003-08-31",1.5,29340468156.5361,299,288.7,316900,127,438,23.61111111,4,5488752.100032,264,32699828800.0175,15.6
"2003-09-07",1.6,29340468156.5361,299,289.2,309600,102,527,21.66666667,11,4913058.62448,271,32739830392.199,15.6
"2003-09-14",1.5,29340468156.5361,299,288.8,302000,101,454,22.77777778,18,11104176.41856,278,32792170748.5716,15.6
"2003-09-21",1.5,29340468156.5361,299,288.3,294400,83,425,22.77777778,25,0,285,32857899505.8468,15.6
"2003-09-28",1.5,29340468156.5361,299,287.4,286900,85,428,23.33333333,32,0,292,32857899505.8468,15.6
"2003-10-05",1.5,32857899505.8468,294,287.4,279800,68,430,18.33333333,39,0,5,0,14.4
"2003-10-12",1.5,32857899505.8468,294,287.6,272500,68,435,16.94444444,46,0,12,0,15.6
"2003-10-19",1.4,32857899505.8468,294,232.1,266200,68,351,18.33333333,53,6098862.773664,19,11926664.979984,14.4
"2003-10-26",1.4,32857899505.8468,294,231.6,260600,69,361,19.16666667,60,20329542.57888,26,63421719.021072,14.4
"2003-11-02",1.5,32857899505.8468,294,231.9,254200,64,444,3.611111111,2,7086675.54528,30,174203858.5956,12.2
"2003-11-09",1.5,32857899505.8468,294,232.6,244500,65,670,6.388888889,2,8618929.717536,34,194906701.896624,13.3
"2004-01-25",1.1,32857899505.8468,294,237.6,250500,57,411,3.611111111,0,9073421.38368,83,2088334142.92958,8.9
"2004-02-01",1.1,32857899505.8468,294,237.8,247800,60,325,2.222222222,0,20013219.68544,86,2183977318.09464,8.9
"2004-02-08",1.1,32857899505.8468,294,236.8,242600,62,600,2.5,4,7516415.332512,92,2272141698.09595,10
"2004-02-15",1.2,32857899505.8468,294,236.6,236700,63,637,6.944444444,0,37713024.6624,96,2367209947.77086,8.9
"2004-02-29",1.2,32857899505.8468,294,237.7,229800,70,916,2.777777778,1,79625115.27072,99,3291279445.53374,10
"2004-03-07",1.3,32857899505.8468,294,161.5,217600,128,1178,13.05555556,8,62088176.47104,106,3628704904.71998,11.1
"2004-03-14",1.3,32857899505.8468,294,161.2,213600,126,1171,15.55555556,15,119192548.7232,113,4314200378.33822,10
"2004-03-21",1.2,32857899505.8468,294,159.9,220400,130,1172,17.22222222,22,182678012.8992,120,5406829479.12542,11.1
"2004-03-28",1.3,32857899505.8468,294,237.4,229200,129,1189,13.61111111,3,131709556.3104,126,6546148385.20862,11.1
"2004-04-04",1.4,32857899505.8468,294,237.4,231700,143,1140,12.77777778,4,171147267.5328,132,7547020695.67262,10
"2004-04-11",1.4,32857899505.8468,294,236,244400,146,1197,16.94444444,4,213836657.184,138,8945969831.50622,12.2
"2004-04-18",1.5,32857899505.8468,294,237.1,248500,145,1215,5.555555556,0,110429190.432,141,10072674651.6534,10
"2004-04-25",1.6,32857899505.8468,294,236.3,243700,145,1210,16.11111111,6,183764101.248,147,10900275380.8086,12.2
"2004-05-02",1.3,32857899505.8468,294,291.8,274700,101,640,18.61111111,13,373786037.2512,154,12903017826.4374,14.4
"2004-05-09",1.4,32857899505.8468,294,291.2,321900,107,929,14.72222222,20,298208934.2016,161,15503078725.7718,14.4
"2004-05-16",1.6,32857899505.8468,294,290,345800,112,916,16.38888889,27,258875410.8384,168,17250059655.2694,13.3
"2004-05-23",1.5,32857899505.8468,294,290.9,359100,199,1296,14.16666667,34,204654442.9248,175,18833547050.9526,12.2
"2004-05-30",1.6,32857899505.8468,294,290.6,361600,1310,1297,17.22222222,2,284208346.7712,179,20562806170.9398,14.4
"2004-06-06",1.6,32857899505.8468,294,288.9,362100,1450,1300,21.11111111,9,235297360.1664,186,22336928985.3078,14.4
"2004-06-13",1.6,32857899505.8468,294,290,360000,174,1199,20,16,157329321.2352,193,23499807422.3094,14.4
"2004-06-20",1.5,32857899505.8468,294,289.3,360300,179,418,21.11111111,23,132077424.1824,200,24594383764.7382,15.6
"2004-06-27",1.5,32857899505.8468,294,290.2,357400,177,1039,21.66666667,0,83454253.4304,205,25315961315.2662,15.6
"2004-07-04",1.4,32857899505.8468,294,291.6,356200,115,448,22.5,7,60965403.55488,212,25781263483.3648,15.6
"2004-07-11",1.5,32857899505.8468,294,290.9,353900,112,608,22.5,14,39093852.64896,219,26131300973.9641,14.4
"2004-07-18",1.5,32857899505.8468,294,290.7,349000,113,477,24.16666667,21,28133363.5776,226,26344088304.2195,14.4
"2004-07-25",1.6,32857899505.8468,294,290.4,342900,114,532,25.55555556,28,18411644.55456,233,26500092324.0784,13.3
"2004-08-01",1.5,32857899505.8468,294,291.4,336000,116,541,23.33333333,35,19095540.57504,240,26616145561.9446,16.7
"2004-08-08",1.4,32857899505.8468,294,290.9,328300,115,472,25.55555556,42,10898430.47424,247,26694164854.4877,15.6
"2004-08-15",1.5,32857899505.8468,294,291.1,321300,115,492,25.83333333,49,9501195.79296,254,26757136890.6303,15.6
"2004-08-22",1.5,32857899505.8468,294,289.1,313200,118,524,21.11111111,56,4447863.71856,261,26809712835.4407,15.6
"2004-08-29",1.3,32857899505.8468,294,290.2,305200,116,532,25,63,12551824.8432,268,26950312347.0098,15.6
"2004-09-05",1.3,32857899505.8468,294,290.4,297400,87,510,21.66666667,70,0,275,26962864171.853,15.6
"2004-09-12",1.3,32857899505.8468,294,290.5,289600,87,525,22.22222222,77,1248805.448928,282,26965361782.7509,15.6
"2004-09-19",1.4,32857899505.8468,294,289.7,281600,71,518,11.11111111,1,9740682.50112,288,27021807789.0291,14.4
"2004-09-26",1.3,32857899505.8468,294,289.3,274100,70,491,20.55555556,8,29971330.76736,295,27141942873.1759,15.6
"2004-10-03",1.4,27183545934.6924,299,289.6,266900,54,435,18.88888889,15,2045063.255904,3,9768440.44512,14.4
"2004-10-10",1.4,27183545934.6924,299,290.2,259600,53,564,15.83333333,22,3263398.812576,10,38393110.024704,14.4
"2004-10-17",1.4,27183545934.6924,299,290,253000,53,440,9.722222222,0,24055911.24768,14,94125745.738944,14.4
"2004-10-24",1.3,27183545934.6924,299,288,249700,51,562,10,0,41771504.79648,17,391527049.495104,13.3
"2004-10-31",1.3,27183545934.6924,299,292.4,246800,50,541,7.222222222,5,34700807.36736,22,675436530.164544,13.3
"2004-11-07",1.3,27183545934.6924,299,152.7,245000,49,279,10.83333333,0,34173984.37824,27,908192706.041664,12.2
"2004-11-14",1.5,27183545934.6924,299,153.2,246100,48,290,6.111111111,4,33120839.71008,32,1177982602.22822,13.3
"2004-11-21",1.3,27183545934.6924,299,153.4,244700,47,396,5,11,20880833.832,39,1351709459.12678,11.1
"2004-11-28",1.2,27183545934.6924,299,150.9,242200,48,342,1.111111111,2,24900149.2608,44,1489068902.67494,11.1
"2004-12-05",1.3,27183545934.6924,299,152.9,239900,39,357,1.944444444,0,17190317.7504,50,1612805706.16646,10
"2004-12-12",1.8,27183545934.6924,299,153.6,239700,40,289,8.888888889,4,33662755.41408,54,1801508386.39142,12.2
"2004-12-19",1.2,27183545934.6924,299,153.9,239800,39,280,8.333333333,11,23933955.78144,61,2008025025.36422,11.1
"2004-12-26",1.1,27183545934.6924,299,153.6,238100,39,308,3.055555556,0,19926022.94784,67,2157926148.32198,10
"2005-01-02",1,27183545934.6924,299,154.8,238700,44,299,-0.555555556,0,36544118.82048,68,2412706241.16806,10
"2005-01-09",1,27183545934.6924,299,154.4,241900,89,278,1.388888889,0,113777818.8192,69,2797766573.42246,10
"2005-01-16",1.1,27183545934.6924,299,154.4,245800,59,287,6.111111111,6,45889836.23232,75,3232071745.14758,10
"2005-01-23",1.2,27183545934.6924,299,152.1,247800,54,610,7.777777778,0,68993608.66272,81,3623918333.99558,10
"2005-01-30",1.3,27183545934.6924,299,154.4,250100,53,614,3.611111111,3,51880550.37984,84,4111036848.69638,8.9
"2005-02-06",1.2,27183545934.6924,299,86.4,247600,62,593,5,0,36371546.11296,89,4381591597.4183,10
"2005-02-13",1.1,27183545934.6924,299,87.8,240600,64,895,5.833333333,0,52722120.34368,94,4649375796.47942,11.1
"2005-02-20",1.1,27183545934.6924,299,85.1,237600,71,894,4.722222222,0,57150732.91104,94,5146373142.15782,11.1
"2005-02-27",1.2,27183545934.6924,299,87.8,227800,139,1135,5.555555556,1,52453443.5856,99,5518465903.98374,12.2
"2005-03-06",1.2,27183545934.6924,299,87.4,215500,136,1145,9.722222222,2,45423637.75584,103,5836395572.84102,11.1
"2005-03-13",1.2,27183545934.6924,299,87.4,209000,140,1158,12.22222222,0,89064116.1792,109,6349146774.0791,11.1
"2005-03-20",1.3,27183545934.6924,299,85.2,201100,144,1154,3.333333333,0,76300449.37056,113,6848567374.88102,10
"2005-03-27",1.3,27183545934.6924,299,87.5,195300,137,1149,8.055555556,0,70468311.7008,115,7427362507.44422,11.1
"2005-04-03",1.4,27183545934.6924,299,84.1,188000,128,1137,6.388888889,5,80271679.93344,120,7940818835.8439,11.1
"2005-04-10",1.3,27183545934.6924,299,85.9,183700,144,1129,7.222222222,3,97501400.6112,125,8627519831.9783,11.1
"2005-04-17",1.3,27183545934.6924,299,85.6,182300,144,1125,10.83333333,0,139226015.2032,131,9414238706.8295,12.2
"2005-04-24",1.9,27183545934.6924,299,85.6,183100,144,1121,8.055555556,2,109872247.5648,136,10273206060.0167,11.1
"2005-05-01",1.3,27183545934.6924,299,85.6,187100,154,1127,10.27777778,0,203648381.0208,139,11307197408.4743,11.1
"2005-05-08",1.4,27183545934.6924,299,152.5,202200,178,1148,6.944444444,0,234745869.0528,142,13005083992.8551,12.2
"2005-05-15",1.4,27183545934.6924,299,151.1,222800,175,1169,15.83333333,0,524489643.936,146,15261232057.9079,12.2
"2005-05-22",1.8,27183545934.6924,299,151.8,261300,6160,1213,16.94444444,4,695899783.6416,150,20289732890.9351,15.6
"2005-05-29",2,27183545934.6924,299,239.1,283800,6500,1229,12.22222222,11,694366188.2208,157,25566192688.7687,12.2
"2005-05-30",2.1,27183545934.6924,299,238.6,281000,5990,1235,14.44444444,12,660574205.6832,158,26226766894.4519,11.1
"2005-06-05",2,27183545934.6924,299,239.3,308900,3280,1248,16.66666667,18,491942308.8672,164,29753295553.3991,13.3
"2005-06-12",1.9,27183545934.6924,299,294.6,331500,1870,1254,16.38888889,2,520712554.6656,168,32775728889.4151,14.4
"2005-06-19",2,27183545934.6924,299,294,345400,2260,1249,16.11111111,2,363333393.8496,173,36233510667.8855,13.3
"2005-06-26",1.9,27183545934.6924,299,238.7,358700,2690,1282,16.94444444,9,374563558.6272,180,39060314588.1479,14.4
"2005-07-03",1.7,27183545934.6924,299,238.4,360100,3370,1288,22.77777778,16,398304150.8544,187,41853885910.2311,14.4
"2005-07-10",1.5,27183545934.6924,299,238.4,361100,1400,1307,19.44444444,23,284918026.0896,194,44131919097.9623,14.4
"2005-07-17",1.7,27183545934.6924,299,293.98,361000,517,1388,24.72222222,30,193733380.2816,201,45749383861.3799,15.6
"2005-07-24",1.6,27183545934.6924,299,293.94,357200,191,1387,23.88888889,37,111909079.5264,208,46802937928.6823,16.7
"2005-07-31",1.6,27183545934.6924,299,293.67,355100,130,509,23.88888889,44,52269082.79904,215,47297146972.7226,15.6
"2005-08-07",1.4,27183545934.6924,299,293.1,351300,121,489,24.44444444,51,30009695.65056,222,47546023685.6557,16.7
"2005-08-14",1.5,27183545934.6924,299,291.22,346100,122,473,20.55555556,58,23345186.80032,229,47728457684.9101,15.6
"2005-08-21",1.5,27183545934.6924,299,290.35,340700,121,428,22.22222222,6,15641081.09568,235,47876321623.6621,15.6
"2005-08-28",1.5,27183545934.6924,299,290.76,333800,115,481,22.5,13,20667185.32032,242,47973044790.2442,15.6
"2005-09-04",1.4,27183545934.6924,299,290.05,326600,93,393,18.88888889,20,7469956.271808,249,48041206614.1691,15.6
"2005-09-11",1.3,27183545934.6924,299,289.68,319200,97,459,11.38888889,27,4103215.417152,256,48074035343.5256,14.4
"2005-09-18",1.4,27183545934.6924,299,289.68,311600,85,487,14.44444444,34,11047118.4288,263,48109256863.7008,13.3
"2005-09-25",1.4,27183545934.6924,299,290.73,304100,86,487,14.72222222,5,5239490.455296,269,48150667776.2198,13.3
"2005-10-02",1.4,48176712923.5544,273,290.77,296900,68,496,13.05555556,6,4508171.081856,2,9059551.471584,14.4
"2005-10-09",1.4,48176712923.5544,273,289.99,289500,68,520,13.88888889,13,3802419.059904,9,37563291.317088,13.3
"2005-10-16",1.4,48176712923.5544,273,289.62,282300,60,461,14.16666667,20,2439885.563136,16,68293750.809024,12.2
"2005-10-23",1.4,48176712923.5544,273,289.86,275100,60,484,14.72222222,27,4402548.330336,23,91441777.008384,13.3
"2005-10-30",1.3,48176712923.5544,273,289.49,268300,59,453,9.444444444,34,7561628.811936,30,134800236.6336,12.2
"2005-11-06",1.4,48176712923.5544,273,289.21,261600,57,442,6.944444444,41,9535180.57632,37,178154385.868224,12.2
"2005-11-13",1.4,48176712923.5544,273,290.31,255300,55,441,9.444444444,3,13164241.84128,43,223259562.510336,14.4
"2005-11-20",1.3,48176712923.5544,273,290.01,248400,54,414,10.55555556,10,2632848.36912,50,248652825.928128,12.2
"2005-11-27",1.3,48176712923.5544,273,222.72,241700,54,443,2.222222222,2,8652820.58496,55,282427831.590624,12.2
"2005-12-04",1.5,48176712923.5544,273,222.34,244000,51,377,1.388888889,3,47884699.04832,58,712669659.371424,12.2
"2005-12-11",1.2,48176712923.5544,273,221.41,241600,55,342,5,4,16186998.3552,64,844891833.309984,12.2
"2005-12-18",1,48176712923.5544,273,221.42,239100,50,320,4.444444444,0,31851022.46112,68,983202771.788064,12.2
"2005-12-25",1.2,48176712923.5544,273,68.97,247100,54,362,6.944444444,0,99018559.4688,72,1596314359.59062,11.1
"2006-01-01",1.3,48176712923.5544,273,70.84,271700,64,752,2.5,0,261792795.4848,73,3206668734.50774,11.1
"2006-01-08",1.8,48176712923.5544,273,70.65,280000,56,570,3.333333333,2,55135804.21344,78,3986188002.81878,10
"2006-01-15",1.7,48176712923.5544,273,0.16,279800,47,557,0.555555556,1,54264448.17792,82,4335990582.61814,10
"2006-01-26",1.5,48176712923.5544,273,70.67,279000,114,1204,2.222222222,8,29154602.15136,91,4763939648.43542,10
"2006-01-29",1.4,48176712923.5544,273,70.69,272600,109,1324,5.833333333,1,33005209.98528,93,4855422786.84662,10
"2006-02-05",1.5,48176712923.5544,273,69.87,261200,117,1337,4.166666667,3,52042901.20704,97,5240628291.62102,10
"2006-02-12",1.4,48176712923.5544,273,70.66,257500,56,254,10.83333333,10,47286879.77088,104,5557988736.35222,11.1
"2006-02-19",1.3,48176712923.5544,273,69.81,259300,56,308,-1.388888889,0,32098985.24256,107,5836048424.27222,10
"2006-02-26",1.3,48176712923.5544,273,161.4,256300,91,896,13.05555556,0,110940557.904,113,6131042971.07126,10
"2006-03-05",1.6,48176712923.5544,273,161.11,258000,127,1336,1.666666667,0,71204762.37024,115,7159281287.01206,8.9
"2006-03-12",1.4,48176712923.5544,273,161.19,246100,130,1338,-2.777777778,0,46557991.52064,115,7541397420.27638,7.8
"2006-03-19",1.5,48176712923.5544,273,70.06,232000,125,1348,2.777777778,1,42765768.01152,117,7850683552.51382,8.9
"2006-03-26",1.4,48176712923.5544,273,69.73,219900,129,1347,5.833333333,1,66444368.65344,121,8234403469.12022,11.1
"2006-04-02",1.4,48176712923.5544,273,70.17,210100,138,1241,6.111111111,0,116361129.312,122,8794264319.46806,10
"2006-04-09",1.5,48176712923.5544,273,70.25,209300,143,1287,6.944444444,0,93429930.1248,124,9706630019.94806,11.1
"2006-04-16",1.5,48176712923.5544,273,70.02,204900,147,1287,3.611111111,0,118247890.6944,127,10452093241.4361,10
"2006-04-23",1.5,48176712923.5544,273,70.25,204500,164,1279,7.222222222,0,172844693.0784,131,11445286065.0201,11.1
"2006-04-30",1.4,48176712923.5544,273,70.16,199000,2860,1269,17.22222222,4,413366107.68,137,13518947980.9017,12.2
"2006-05-07",1.4,48176712923.5544,273,250.57,202100,3480,1285,15,11,464190622.2144,144,16579458549.1161,12.2
"2006-05-14",1.6,48176712923.5544,273,223.95,234700,3280,1266,20,18,706783344.4512,151,20758045152.8025,11.1
"2006-05-21",1.7,48176712923.5544,273,224.28,288100,262,1357,19.72222222,0,679854808.3104,156,26208979166.8953,11.1
"2006-05-28",1.7,48176712923.5544,273,223.13,296200,1640,1368,8.888888889,6,426029765.3568,162,29647222854.5817,11.1
"2006-06-04",1.3,48176712923.5544,273,278.21,333500,3190,1377,18.33333333,13,774150098.112,169,33686435282.6169,18.9
"2006-06-11",2,48176712923.5544,273,292.11,334200,7420,1220,17.22222222,20,617185939.1328,176,39018759049.3401,13.3
"2006-06-18",1.7,48176712923.5544,273,291.85,342000,3650,1380,21.94444444,5,587510142.7104,182,42652875962.5209,15.6
"2006-06-25",1.5,48176712923.5544,273,291.03,339600,3760,1381,24.44444444,12,560544242.7168,189,46792768551.4521,14.4
"2006-07-02",1.4,48176712923.5544,273,291.25,356800,3200,854,21.11111111,5,390486015.8208,195,50043837729.1833,15.6
"2006-07-09",1.3,48176712923.5544,273,291.79,360600,1640,855,22.22222222,12,252896921.4528,202,52187648211.5769,14.4
"2006-07-16",1.4,48176712923.5544,273,291.05,360600,653,855,24.16666667,19,159471139.5648,209,53551432870.8057,15.6
"2006-07-23",1.4,48176712923.5544,273,290.52,361700,914,851,28.05555556,3,147204128.8224,215,54641298648.2553,17.8
"2006-07-30",1.5,48176712923.5544,273,295.16,359100,148,857,21.11111111,10,61464671.28576,222,55309570759.3717,15.6
"2006-08-06",1.2,48176712923.5544,273,288.16,353500,118,529,21.11111111,17,42936740.69472,229,55643625855.6114,16.7
"2006-08-13",1.2,48176712923.5544,273,287.02,349300,112,546,21.11111111,24,19524513.76704,236,55837180683.2255,16.7
"2006-08-20",1.2,48176712923.5544,273,281.11,343200,106,481,21.66666667,31,11912388.5952,243,55949457380.8847,17.8
"2006-08-27",1.3,48176712923.5544,273,287.14,336700,103,469,23.33333333,38,8809666.88544,250,56027821874.6572,16.7
"2006-09-03",1.2,48176712923.5544,273,288.17,329800,81,454,23.05555556,45,13227322.5936,257,56102179621.1691,16.7
"2006-09-10",1.2,48176712923.5544,273,288.24,323000,81,477,18.33333333,52,8390465.825472,264,56209804776.5472,15.6
"2006-09-17",1.2,48176712923.5544,273,288.32,315500,73,522,14.72222222,59,3997810.187136,271,56247357399.2243,16.7
"2006-09-24",1.1,48176712923.5544,273,288.06,308100,72,494,16.66666667,66,3109407.923232,278,56283238979.5513,15.6
"2006-10-01",1,56313790146.2903,284,288.68,300900,64,447,15.27777778,0,16862644.25568,0,16862644.25568,14.4
"2006-10-08",1.1,56313790146.2903,284,288.22,293900,56,492,13.33333333,2,23125912.11936,4,155377222.06464,14.4
"2006-10-15",1.1,56313790146.2903,284,288.38,287100,56,537,12.5,9,0,11,207049181.965056,15.6
"2006-10-22",1,56313790146.2903,284,289.27,279900,55,556,14.16666667,16,0,18,207049181.965056,16.7
"2006-10-29",1,56313790146.2903,284,218.46,272500,61,540,11.66666667,23,0,25,207049181.965056,15.6
"2006-11-05",1,56313790146.2903,284,217.15,266800,61,371,11.66666667,2,6742964.974176,30,216489332.929248,14.4
"2006-11-12",1,56313790146.2903,284,217.67,261100,62,375,4.722222222,0,17208046.61568,33,249233170.844448,13.3
"2006-11-19",1,56313790146.2903,284,217.23,257400,62,402,10.55555556,6,11154790.6272,39,416057977.420128,14.4
"2006-11-26",1,56313790146.2903,284,217.09,252300,63,371,2.222222222,0,5587028.121312,45,466174261.853568,12.2
"2006-12-03",1,56313790146.2903,284,217.86,247000,54,278,4.166666667,6,4353212.109888,51,510067138.455072,12.2
"2006-12-10",0.9,56313790146.2903,284,217.66,241900,53,393,1.944444444,0,10470620.70144,55,556338837.3912,13.3
"2006-12-17",1,56313790146.2903,284,218.13,238300,54,376,-0.277777778,1,14457246.53472,57,673472974.05936,12.2
"2006-12-24",0.9,56313790146.2903,284,219,234300,56,375,4.166666667,3,15831945.08928,63,772876772.37936,11.1
"2006-12-31",0.9,56313790146.2903,284,158.39,230700,55,341,2.777777778,4,13426222.608,68,895776278.43024,10
"2007-01-07",0.8,56313790146.2903,284,157.46,229400,49,275,2.5,3,21111193.65024,73,1100335112.0568,10
"2007-01-21",1.1,56313790146.2903,284,157.98,223500,41,295,3.055555556,17,7967927.797056,87,1252036858.42829,10
"2007-01-28",0.8,56313790146.2903,284,157.43,220400,41,285,3.333333333,24,7623798.025248,94,1318122854.6881,10
"2007-02-04",1,56313790146.2903,284,0.51,216800,38,339,8.055555556,31,13696087.23648,101,1378287456.24614,10
"2007-02-25",1,56313790146.2903,284,152.34,224300,38,184,-1.666666667,0,25554686.99328,112,2054067226.88198,11.1
"2007-03-04",1,56313790146.2903,284,160.74,225100,54,267,8.055555556,4,36268623.0288,116,2267929510.06406,10
"2007-03-11",1,56313790146.2903,284,158.28,228200,53,290,13.05555556,5,59315988.528,122,2603214157.4807,10
"2007-03-18",1,56313790146.2903,284,158.29,238000,52,290,15.27777778,12,109063603.0944,129,3227644113.54854,11.1
"2007-03-25",1,56313790146.2903,284,158.91,246900,51,288,12.5,5,81030076.33248,135,3831475176.97286,11.1
"2007-04-01",1.1,56313790146.2903,284,218.58,254600,57,304,10.83333333,5,87766875.3888,140,4390920017.55014,12.2
"2007-04-08",0.9,56313790146.2903,284,218.03,269900,64,353,13.05555556,12,147698258.4576,147,5288541859.47974,12.2
"2007-04-15",0.9,56313790146.2903,284,218.38,281400,69,359,9.444444444,1,86583579.8688,152,6125820969.58214,11.1
"2007-04-22",0.9,56313790146.2903,284,218.35,283300,70.3,623,3.611111111,0,81110503.94112,155,6646441637.87366,10
"2007-04-29",0.9,56313790146.2903,284,232.38,297300,69.7,625,17.5,7,254250952.6176,162,7802467986.79526,12.2
"2007-05-06",1,56313790146.2903,284,254.02,318000,81.3,619,11.66666667,2,131100230.592,166,9241234724.28326,12.2
"2007-05-13",1,56313790146.2903,284,255.07,341600,120,892,15,9,293097823.1424,173,10914269656.2417,13.3
"2007-05-20",1,56313790146.2903,284,290.19,356600,1600,1400,16.38888889,16,250157957.8176,180,12869391431.7009,13.3
"2007-05-27",1,56313790146.2903,284,289.19,359700,187,1348,18.88888889,23,190520300.7072,187,14224671360.4977,13.3
"2007-06-03",1,56313790146.2903,284,272.49,360800,218,1345,19.72222222,30,140318887.9392,194,15425690368.1553,16.7
"2007-06-10",1,56313790146.2903,284,271.75,358200,117,627,19.16666667,37,69465473.208,201,16080955492.3252,15.6
"2007-06-17",1.1,56313790146.2903,284,271.53,359200,108,464,20.55555556,44,54377665.90848,208,16536961240.6833,15.6
"2007-06-24",1.1,56313790146.2903,284,272.28,356400,108,457,19.16666667,51,25675492.25088,215,16791054279.5543,13.3
"2007-07-01",1.2,56313790146.2903,284,273.21,351100,88.2,432,21.94444444,58,23456735.41248,222,16957032939.3421,15.6
"2007-07-08",1.2,56313790146.2903,284,272.4,345600,74.6,452,24.16666667,65,26184262.7808,229,17097612297.8106,15.6
"2007-07-15",1.2,56313790146.2903,284,272.11,339500,73.6,452,24.16666667,5,12601176.46272,235,17196789089.5741,15.6
"2007-07-22",1.3,56313790146.2903,284,271.89,333100,74.7,450,23.61111111,12,9846373.81536,242,17272696176.3681,15.6
"2007-07-29",1.2,56313790146.2903,284,271.83,326800,74.3,435,24.16666667,19,9682722.17568,249,17343101450.8103,16.7
"2007-08-05",1.2,56313790146.2903,284,271.76,320000,73.7,450,22.77777778,26,5708595.870144,256,17397940874.9818,17.8
"2007-08-12",1.1,56313790146.2903,284,271.27,313100,75.2,438,21.38888889,33,3352667.416128,263,17435280830.7712,13.3
"2007-08-19",1.2,56313790146.2903,284,281.39,306100,74.7,433,21.11111111,40,5264593.969248,270,17479051263.0804,14.4
"2007-08-26",1.2,56313790146.2903,284,288.11,299000,74.3,477,23.88888889,47,7417650.80736,277,17531883965.4828,14.4
"2007-09-02",1.3,56313790146.2903,284,288.47,292100,73.7,462,25.55555556,3,6983350.63632,281,17592261919.42,15.6
"2007-09-09",1.3,56313790146.2903,284,288.85,284700,74.8,464,23.61111111,10,5399916.480576,288,17661933022.2849,15.6
"2007-09-16",1.1,56313790146.2903,284,288.35,277200,53,468,16.11111111,17,3712080.072672,295,17692076272.4974,15.6
"2007-09-23",1.2,56313790146.2903,284,288.05,270200,52.8,495,10.55555556,0,8729188.29216,297,17739376292.795,14.4
"2007-09-30",1.2,56313790146.2903,284,258.58,262700,51.8,512,14.72222222,7,7267556.767104,304,17779837965.5865,13.3
"2007-10-07",1.2,17779837965.5865,304,288.11,256100,38.6,449,9.444444444,2,2305076.082048,5,38144272.686912,14.4
"2007-10-14",1.2,17779837965.5865,304,286.66,249200,40.4,513,13.33333333,2,23524406.58816,11,84182641.551648,13.3
"2007-10-21",1.2,17779837965.5865,304,287.72,242600,37.3,383,10,2,5652172.858176,16,134231211.272448,14.4
"2007-10-28",1.3,17779837965.5865,304,286.9,235700,37,469,16.11111111,1,3631284.238464,22,156713597.166528,14.4
"2007-11-04",1.3,17779837965.5865,304,286.63,228900,36.7,523,13.88888889,6,17138587.11552,28,206574051.12912,14.4
"2007-11-11",1.3,17779837965.5865,304,287.36,222400,36.8,429,9.444444444,0,5578442.07984,33,258863544.354816,13.3
"2007-11-18",1.2,17779837965.5865,304,286.75,215800,35.8,467,12.5,7,5208786.279072,40,309698418.004704,14.4
"2007-11-25",1.2,17779837965.5865,304,286.77,209000,34.5,472,7.222222222,14,1243387.692864,47,351416715.482304,13.3
"2007-12-02",1.2,17779837965.5865,304,286.32,202400,32.8,445,0.555555556,21,2153188.3104,54,384937163.171424,12.2
"2007-12-09",1.2,17779837965.5865,304,286.15,196000,31.5,463,0.833333333,2,5334034.677408,58,434705174.79408,12.2
"2007-12-16",1.2,17779837965.5865,304,204.23,189500,32.2,500,5,9,6221875.311936,65,462305134.041408,12.2
"2007-12-23",1.1,17779837965.5865,304,232.69,183500,37.4,409,1.944444444,3,13212746.44704,68,566650876.630464,12.2
"2007-12-30",1.1,17779837965.5865,304,156.6,179400,37.4,307,2.5,2,4844673.697536,73,646315348.667616,11.1
"2008-01-20",1.1,17779837965.5865,304,86.15,173800,40.4,236,3.055555556,0,11344191.77376,86,1043885273.28278,10
"2008-01-27",1,17779837965.5865,304,86.57,171100,45.9,644,3.333333333,0,20383484.18976,87,1135985085.07574,11.1
"2008-02-03",1.1,17779837965.5865,304,86.78,168200,70.7,371,-0.277777778,0,21915682.9632,89,1322964885.28694,10
"2008-02-10",1.1,17779837965.5865,304,86.13,167700,68.1,179,6.111111111,7,28354815.71136,96,1507253156.7071,11.1
"2008-02-17",1.3,17779837965.5865,304,86.13,168900,67.7,161,6.111111111,14,27419085.03168,103,1745130506.53046,10
"2008-02-24",1.2,17779837965.5865,304,85.96,168500,86,660,2.222222222,0,42617092.1616,105,1988765864.21462,10
"2008-03-02",1.1,17779837965.5865,304,85.72,167900,68.2,636,7.777777778,7,49361022.4752,112,2322570577.93718,10
"2008-03-09",1.1,17779837965.5865,304,126.03,165900,68,583,8.888888889,14,48179957.3712,119,2618324277.36854,11.1
"2008-03-16",1,17779837965.5865,304,155.95,167200,68.9,610,3.055555556,1,55135118.5344,123,3130105764.51734,10
"2008-03-23",1.1,17779837965.5865,304,156.23,166100,63.7,612,13.61111111,8,66806505.65664,130,3516707741.56214,10
"2008-03-30",1.2,17779837965.5865,304,231.66,164500,63.7,907,8.055555556,1,58182855.69888,135,3993201895.88534,10
"2008-04-06",1.2,17779837965.5865,304,230.94,160100,82.5,849,9.166666667,8,66364875.19296,142,4391955385.62998,8.9
"2008-04-13",1.2,17779837965.5865,304,230.82,154400,149,1234,17.22222222,15,140791853.7216,149,5029524497.33366,10
"2008-04-20",1.1,17779837965.5865,304,230.53,157700,151,1228,4.444444444,22,132701659.4304,156,6079300245.46166,10.85
"2008-04-27",1.2,17779837965.5865,304,286.81,156600,149,1184,17.5,4,204221224.4256,161,7037999507.53526,12.2
"2008-05-04",1.2,17779837965.5865,304,278.44,173400,156,1166,13.33333333,0,198382030.9344,167,8631392715.66326,14.4
"2008-05-11",1.4,17779837965.5865,304,287.04,202700,88.6,496,15.27777778,6,278749365.4656,173,10440643727.7081,15
"2008-05-25",1.5,17779837965.5865,304,286.6,309100,85.7,480,8.611111111,0,191694822.8256,184,16024066535.0457,13.3
"2008-06-01",1.4,17779837965.5865,304,286.97,321100,107,452,15.55555556,4,224034149.2032,188,17265502445.1705,15.6
"2008-06-08",1.5,17779837965.5865,304,288.42,352700,165,849,18.33333333,11,290070953.0208,195,19195515885.5577,15.6
"2008-06-15",1.4,17779837965.5865,304,288.11,359000,908,1408,21.66666667,18,256215525.1488,202,21166195952.4057,15.6
"2008-06-22",1.4,17779837965.5865,304,288.21,361100,448,1399,21.94444444,25,168047005.536,209,22595790868.6905,16.7
"2008-06-24",1.4,17779837965.5865,304,288.82,360300,441,1397,20.55555556,27,152082005.1552,211,22907308941.1449,15.6
"2008-06-29",1.5,17779837965.5865,304,288.35,357600,154,1396,22.22222222,32,99186241.824,216,23506090051.9833,14.4
"2008-07-03",1.5,17779837965.5865,304,287.88,358000,122,475,21.66666667,36,71620942.91904,220,23837599439.9519,16.15
"2008-07-06",1.6,17779837965.5865,304,288.44,357800,121,565,22.22222222,39,54606657.92832,223,24015709113.9013,16.7
"2008-07-08",1.6,17779837965.5865,304,288.14,357300,120,484,26.38888889,41,44662498.1136,225,24108899686.702,17.8
"2008-07-13",1.6,17779837965.5865,304,288.54,355400,122,409,23.88888889,46,49752413.4384,230,24335577991.1529,17.8
"2008-07-15",1.6,17779837965.5865,304,288.02,355500,118,631,24.16666667,48,94455148.032,232,24483266008.558,17.8
"2008-07-20",1.7,17779837965.5865,304,287.95,352400,117,652,22.5,53,28021837.61952,237,24679019381.0783,17.8
"2008-07-22",2.2,17779837965.5865,304,287.3,350300,119,612,21.66666667,55,21009193.128,239,24723926172.1333,15.6
"2008-08-03",1.5,17779837965.5865,304,287.66,339000,118,453,23.05555556,67,10789590.70944,251,24912863216.1167,15.6
"2008-08-10",1.6,17779837965.5865,304,286.3,331600,118,572,21.94444444,74,9301371.3072,258,24979791750.086,15.6
"2008-08-17",1.6,17779837965.5865,304,286.98,323800,120,568,24.72222222,81,3183135.957504,265,25046265550.3327,15.6
"2008-08-24",1.6,17779837965.5865,304,286.58,316100,119,530,24.72222222,88,3927245.66208,272,25082106834.4289,16.1
"2008-08-31",1.6,17779837965.5865,304,286.33,308200,112,467,20.55555556,95,372054.8522016,279,25115320112.0257,16.7
"2008-09-07",1.5,17779837965.5865,304,286.37,300200,112,544,24.16666667,102,0,286,25142018438.2419,16.7
"2008-09-14",1.5,17779837965.5865,304,286.1,292200,113,528,22.5,109,0,293,25146804990.7509,16.7
"2008-09-21",1.5,17779837965.5865,304,285.59,284700,67.5,518,15.83333333,116,4999288.175424,300,25151804278.9263,15.6
"2008-09-28",1.4,17779837965.5865,304,285.28,277300,66.7,486,22.22222222,123,12232300.85568,307,25236366706.5733,15.6
"2008-10-05",1.3,25299442831.8536,309,285.39,271000,50.8,437,11.94444444,1,6949615.339872,3,24584927.469696,15.6
"2008-10-12",1.4,25299442831.8536,309,285.42,263900,48.8,490,6.666666667,8,3078030.323808,10,70659193.8816,13.3
"2008-10-19",1.5,25299442831.8536,309,284.67,256900,49.1,515,14.44444444,15,3435301.70064,17,91040075.470944,14.4
"2008-10-26",1.6,25299442831.8536,309,284.69,250100,47.2,472,17.22222222,22,7815311.368416,24,131635035.6624,14.4
"2008-11-02",1.5,25299442831.8536,309,228.02,246600,46.5,641,8.888888889,0,112503840.8832,27,373056755.446368,13.9
"2008-11-09",1.4,25299442831.8536,309,227.4,246300,44.6,422,5.277777778,1,39007479.26016,32,683577895.314528,12.8
"2008-11-16",1.6,25299442831.8536,309,227.02,246400,43.2,392,13.88888889,8,38749273.72416,39,956519590.614048,14.4
"2008-11-23",1.3,25299442831.8536,309,226.75,244000,42.4,383,8.888888889,15,16269583.54464,46,1128537172.90685,12.2
"2008-11-30",1.3,25299442831.8536,309,226.28,240100,50.8,391,9.722222222,4,12133025.4672,51,1221412123.52669,12.2
"2008-12-07",1.4,25299442831.8536,309,152.52,235600,37.8,381,7.222222222,11,9433358.02944,58,1300064526.5089,12.2
"2008-12-14",1.3,25299442831.8536,309,153.02,232100,37.7,270,-3.333333333,0,8393728.692096,62,1370909057.51174,11.1
"2008-12-21",1.3,25299442831.8536,309,154.94,228600,37.5,406,1.388888889,0,11389054.21344,65,1433727808.26336,11.1
"2008-12-28",1.2,25299442831.8536,309,153.42,225000,38.2,305,-1.944444444,3,27513960.93216,68,1612739746.19808,11.1
"2009-01-04",1.2,25299442831.8536,309,1.3,224400,49.3,298,-0.277777778,2,30443647.12416,73,1798205638.78368,10
"2009-01-25",1.2,25299442831.8536,309,150.45,240200,57.4,273,-1.388888889,0,102964286.7648,88,2725601915.40192,11.8333333333333
"2009-02-01",1.3,25299442831.8536,309,150.45,243300,58.4,289,8.888888889,6,41751202.32576,94,3081117247.72704,10
"2009-02-08",1.3,25299442831.8536,309,125.73,245700,58,261,3.611111111,0,35750596.6224,98,3371746411.77696,10.6
"2009-02-15",1.3,25299442831.8536,309,182.56,243200,59.3,602,0.833333333,0,30888660.07872,101,3587458375.12896,10
"2009-02-22",1.4,25299442831.8536,309,181.62,238300,63.7,907,2.777777778,0,68772002.10624,104,3917930631.52896,10
"2009-03-01",1.3,25299442831.8536,309,151.5,235900,60.5,750,6.666666667,0,89885632.5216,107,4471649658.3456,11.1
"2009-03-08",1.3,25299442831.8536,309,150.44,239100,60.9,867,5.277777778,3,53000134.21152,110,5102835343.19136,11.1
"2009-03-15",1.4,25299442831.8536,309,150.27,237400,58.4,904,7.777777778,10,52715670.21216,117,5431992626.77344,10
"2009-03-22",1.4,25299442831.8536,309,150.5,242500,124,946,0.277777778,0,97937959.8528,122,6022380185.77536,11.1
"2009-03-29",1.4,25299442831.8536,309,151.13,242700,120,948,11.11111111,7,106486851.5712,129,6692337814.46976,12.2
"2009-04-05",1.5,25299442831.8536,309,151.1,247400,137,945,8.611111111,14,102980193.0048,136,7470830893.34016,12.2
"2009-04-12",1.4,25299442831.8536,309,195.45,248100,138,949,8.888888889,2,98890661.5488,139,8204397710.66496,12.2
"2009-04-19",1.4,25299442831.8536,309,224.13,250700,138,950,15,9,207837124.3008,146,9087203991.28896,11.1
"2009-04-26",1.45,25299442831.8536,309,278.03,280700,144,927,8.055555556,2,208367057.232,151,11016547743.9802,12.2
"2009-05-03",1.4,25299442831.8536,309,267.75,309200,354,925,10,0,372016824.2784,154,13071778359.4714,11.1
"2009-05-05",1.4,25299442831.8536,309,266.39,313800,1330,907,12.22222222,1,335720331.2448,155,13775674239.8554,11.1
"2009-05-10",1.45,25299442831.8536,309,285.71,318600,3210,913,16.94444444,6,429618167.3088,160,15638746019.7658,12.2
"2009-05-12",1.5,25299442831.8536,309,285.28,322800,3270,900,14.72222222,8,454779535.4784,162,16526062786.729,13.3
"2009-05-17",1.5,25299442831.8536,309,286.31,336300,3880,906,23.61111111,13,590204807.3376,167,19221827486.9818,14.4
"2009-05-19",1.6,25299442831.8536,309,286.16,334700,6820,902,20,1,579001088.2176,168,20397008699.401,12.2
"2009-05-24",1.7,25299442831.8536,309,275.96,346200,2220,901,17.22222222,6,480299117.7888,173,22957934989.1674,13.3
"2009-05-27",1.8,25299442831.8536,309,269,347900,5190,896,19.44444444,9,418437312.912,176,24275807377.4362,12.2
"2009-05-31",1.8,25299442831.8536,309,269.01,349500,2650,914,18.61111111,1,368579492.8128,178,25843337242.6234,14.4
"2009-06-02",1.8,25299442831.8536,309,268.88,348000,3960,904,17.22222222,3,331898861.8368,180,26523261154.4314,12.2
"2009-06-07",1.8,25299442831.8536,309,269.22,343600,753,896,12.22222222,1,224375655.1392,182,27802579940.3002,13.3
"2009-06-09",1.8,25299442831.8536,309,268.86,348700,426,897,15.27777778,3,214157307.456,184,28234593642.9946,13.3
"2009-06-14",1.9,25299442831.8536,309,286.29,353500,842,894,13.33333333,1,189440675.9424,188,29232183081.1738,14.4
"2009-06-16",1.9,25299442831.8536,309,286.42,356200,385,890,15.27777778,3,204901945.488,190,29633248769.0458,13.3
"2009-06-21",1.9,25299442831.8536,309,285.72,359800,1910,887,14.72222222,8,227193279.84,195,30814900939.5322,15.6
"2009-06-23",1.9,25299442831.8536,309,285.64,359600,1100,887,18.33333333,10,203844699.2736,197,31227588692.2138,12.2
"2009-06-28",1.9,25299442831.8536,309,285.6,360000,907,890,23.61111111,15,173503008.8064,202,32138489041.7818,18.9
"2009-06-29",1.9,25299442831.8536,309,286.59,360000,915,890,26.11111111,16,163006974.72,203,32301496016.5018,16.7
"2009-07-05",1.7,25299442831.8536,309,286.74,359700,450,719,21.38888889,22,104506391.6352,209,33107792098.009,16.7
"2009-07-07",1.8,25299442831.8536,309,286.59,359700,136,693,18.88888889,24,85055675.24448,211,33288233207.5382,15.6
"2009-07-12",1.7,25299442831.8536,309,285.9,359200,135,491,20.83333333,29,55288936.18656,216,33605337578.1782,16.7
"2009-07-19",1.7,25299442831.8536,309,286.19,357100,132,494,26.38888889,36,38709123.5232,223,33924104050.9853,17.8
"2009-07-26",1.7,25299442831.8536,309,286.1,353000,131,479,24.44444444,43,24442517.52576,230,34138163580.9523,16.7
"2009-08-02",1.75,25299442831.8536,309,285.35,347700,83,533,21.94444444,50,25379920.76256,237,34307376329.0794,16.7
"2009-08-09",1.6,25299442831.8536,309,240,341600,113,484,20.83333333,57,11380678.75296,244,34423234324.511,16.7
"2009-08-16",1.6,25299442831.8536,309,239.57,334400,127,437,19.44444444,64,6133480.851744,251,34503992381.9097,15.6
"2009-08-23",1.6,25299442831.8536,309,240.06,327100,188,416,21.94444444,0,9853183.5264,256,34576660869.334,16.7
"2009-08-30",1.6,25299442831.8536,309,238.87,320300,129,415,22.77777778,7,5216983.712352,263,34637901678.1428,15.6
"2009-09-06",1.5,25299442831.8536,309,239.41,313700,103,407,18.61111111,14,5601907.681344,270,34689168537.7778,15.6
"2009-09-13",1.5,25299442831.8536,309,206.98,306900,102,417,19.44444444,0,5391309.647808,276,34744778452.6955,15.6
"2009-09-20",1.4,25299442831.8536,309,206.85,300800,82.7,349,20.83333333,7,5264950.828032,283,34805641284.2716,16.7
"2009-09-27",1.5,25299442831.8536,309,206.95,294300,127,382,23.88888889,14,2527176.397248,290,34832934789.3639,16.7
"2009-10-04",1.4,34838705175.4715,293,212.49,288100,58.6,367,5.277777778,1,1351988.413056,3,9823308.214752,14.4
"2009-10-11",1.4,34838705175.4715,293,212.34,282400,60.3,357,13.33333333,8,6674373.17712,10,25465300.73712,14.4
"2009-10-18",1.5,34838705175.4715,293,212.49,285900,31.1,536,15.55555556,4,53822829.85344,14,585616348.0872,15.6
"2009-10-25",1.5,34838705175.4715,293,178.58,285400,59.7,368,13.88888889,6,25939596.85056,20,856720585.16208,15.6
"2009-11-01",1.5,34838705175.4715,293,153.09,281100,65.1,450,12.5,13,16106304.98016,27,979994450.6712,15.6
"2009-11-08",1.4,34838705175.4715,293,154.05,276700,66.1,352,7.5,20,10516306.36896,34,1082902631.67792,14.4
"2009-11-15",1.4,34838705175.4715,293,154.66,273000,66.1,276,6.111111111,3,20604962.57184,39,1168496534.82384,13.3
"2009-11-22",1.45,34838705175.4715,293,153.91,268100,62.2,281,6.944444444,2,11818695.51936,45,1247883956.67197,16.7
"2009-11-29",1.3,34838705175.4715,293,154.25,264400,57.4,285,8.333333333,2,7192298.25792,51,1304840726.16394,13.3
"2009-12-06",1.3,34838705175.4715,293,179.33,260800,50.2,287,3.055555556,0,7546389.31296,57,1355596759.94774,11.1
"2009-12-13",1.3,34838705175.4715,293,179.57,258000,54,307,1.666666667,0,23596481.32992,59,1477989646.12368,11.1
"2009-12-20",1.2,34838705175.4715,293,179.69,255600,52.5,319,7.222222222,7,20297631.14496,66,1620552644.84304,12.2
"2009-12-27",1.2,34838705175.4715,293,85.21,253400,53.6,318,1.111111111,1,20937996.17568,70,1765552357.2744,11.1
"2010-01-03",1.2,34838705175.4715,293,0,252800,55,180,7.5,4,19143078.46848,74,1902230371.90224,11.1
"2010-02-14",1.2,34838705175.4715,293,175.39,269500,59.1,315,9.444444444,5,32905511.70336,99,3107243791.58832,11.1
"2010-02-21",1.2,34838705175.4715,293,175.91,270000,56,488,2.5,0,47100669.9984,103,3396153530.32848,10
"2010-02-28",1,34838705175.4715,293,176.17,272400,65.1,385,5.833333333,1,59816392.67808,106,3810764038.29552,11.1
"2010-03-07",1.1,34838705175.4715,293,158.4,270000,62.2,632,4.722222222,4,41902938.02304,112,4145844750.58224,11.1
"2010-03-14",1.1,34838705175.4715,293,157.48,265400,61.2,875,5.555555556,2,54676324.3392,116,4468540066.73424,10
"2010-03-21",1.2,34838705175.4715,293,159.3,263700,58.5,877,10.27777778,9,81035712.80064,123,4983102434.0376,11.1
"2010-03-28",1.1,34838705175.4715,293,157.72,262400,63,879,9.722222222,3,86960279.376,128,5541884430.07536,11.1
"2010-04-04",1.2,34838705175.4715,293,157.69,261300,75.2,877,2.777777778,0,62648613.23328,130,6089970257.30448,11.1
"2010-04-11",1.2,34838705175.4715,293,158.4,259700,544,892,6.111111111,0,105635365.92,135,6698400311.87568,11.1
"2010-04-18",1.3,34838705175.4715,293,160.56,248400,1190,897,13.05555556,6,146803428.5184,141,7523400694.18608,11.1
"2010-04-25",1.25,34838705175.4715,293,157.83,255400,133,886,14.16666667,4,176023031.1264,145,8603597405.38608,13.3
"2010-05-02",1.2,34838705175.4715,293,158.25,264200,1200,891,12.77777778,3,168687713.5488,149,9813977374.04208,12.2
"2010-05-05",1.1,34838705175.4715,293,158.92,255800,3440,893,12.22222222,6,256073420.8224,152,10506025378.3781,13.3
"2010-05-09",1.2,34838705175.4715,293,157.5,268200,104,881,6.111111111,0,231900608.2752,155,11527333779.8405,12.2
"2010-05-16",1.2,34838705175.4715,293,157.51,233500,5960,1330,16.94444444,3,258878711.5776,160,12991127302.1189,14.4
"2010-05-19",1.3,34838705175.4715,293,159.77,214100,4610,1348,12.77777778,0,331669707.3504,161,13928518683.0245,10.7333333333333
"2010-05-23",1.4,34838705175.4715,293,163.34,204000,2090,1362,6.111111111,0,227881662.8544,164,15015768130.9253,12.2
"2010-05-26",1.4,34838705175.4715,293,158.24,202100,353,1381,8.888888889,0,147304763.9136,165,15484897085.7989,11.1
"2010-05-30",1.4,34838705175.4715,293,159.65,203300,353,1386,15,3,263584194.768,168,16266210419.4725,13.3
"2010-06-02",1.4,34838705175.4715,293,176.21,214800,572,1385,15.83333333,6,524138934.1536,171,17528951976.7205,12.2
"2010-06-06",1.4,34838705175.4715,293,183.6,270200,1070,1316,20.83333333,10,919343077.632,175,20675620980.1253,13.3
"2010-06-13",1.5,34838705175.4715,293,181.86,310400,1650,1370,17.77777778,17,464303360.4768,182,25443971093.4725,15.6
"2010-06-16",1.5,34838705175.4715,293,182.55,332200,487,1393,15,20,492553796.5728,185,26893529089.0949,12.8
"2010-06-20",1.65,34838705175.4715,293,157.18,350500,1530,1379,14.72222222,24,421587671.8752,189,28667516783.1941,13.3
"2010-06-23",1.7,34838705175.4715,293,157.01,350900,3580,1366,19.72222222,27,440915812.0416,192,29969326494.9317,13.3
"2010-06-27",1.5,34838705175.4715,293,219.71,351600,4170,1195,23.05555556,31,479117837.7216,196,31849804075.2293,14.4
"2010-06-30",1.6,34838705175.4715,293,218.84,350400,3340,1368,20.83333333,34,402461714.448,199,33175101113.7509,17.8
"2010-07-04",1.7,34838705175.4715,293,291.9,356600,423,1366,19.72222222,38,271343848.8384,203,34442549067.8693,15.6
"2010-07-07",1.6,34838705175.4715,293,291.43,361700,395,1360,21.11111111,41,227431451.2032,206,35162359392.4517,13.9
"2010-07-11",1.6,34838705175.4715,293,292.17,361700,671,1354,23.61111111,45,184368371.5296,210,35964434133.3413,15.6
"2010-07-14",1.7,34838705175.4715,293,291.13,361500,665,960,22.22222222,48,154191039.264,213,36450960674.4677,14.4
"2010-07-18",1.7,34838705175.4715,293,291.53,361000,267,1087,25.55555556,52,111977277.7248,217,36969880737.2357,15.6
"2010-07-21",1.7,34838705175.4715,293,291.32,359400,165,942,22.22222222,55,77354296.23744,220,37239061479.1819,14.4
"2010-07-25",1.7,34838705175.4715,293,291.71,357300,143,581,24.72222222,59,47665321.87968,224,37472422232.0434,14.4
"2010-08-01",1.65,34838705175.4715,293,290.11,353800,134,475,21.11111111,66,33295876.08768,231,37711086399.4507,14.4
"2010-08-08",1.5,34838705175.4715,293,290.52,347900,131,522,20,0,17460032.57856,237,37873511803.9426,14.4
"2010-08-15",1.5,34838705175.4715,293,290.49,340800,131,495,21.38888889,7,12652432.91712,244,37978236267.277,14.4
"2010-08-22",1.5,34838705175.4715,293,288.43,332300,128,605,19.72222222,14,7890310.538496,251,38038857500.3985,14.4
"2010-08-29",1.5,34838705175.4715,293,289.7,323700,131,471,15.27777778,21,8890811.00928,258,38108437760.4837,15.6
"2010-09-05",1.4,34838705175.4715,293,220.77,316200,103,477,21.11111111,28,3417915.671424,265,38158346880.5311,14.4
"2010-09-12",1.5,34838705175.4715,293,219.05,309100,104,377,19.16666667,35,8544789.179424,272,38205844066.1324,17.8
"2010-09-19",1.4,34838705175.4715,293,218.92,302700,83.7,361,16.66666667,42,2995270.1856,279,38269784815.4428,13.3
"2010-09-26",1.35,34838705175.4715,293,218.63,296400,85.3,380,21.11111111,49,3138602.133312,286,38308528543.4084,14.4
"2010-10-03",1.3,38314471306.4637,290,156.55,289700,68.7,377,14.72222222,0,14029974.12672,1,27389231.698464,15.6
"2010-10-10",1.3,38314471306.4637,290,155.85,286900,68.3,269,12.22222222,3,10436428.25568,5,145897569.170784,16.7
"2010-10-17",1.4,38314471306.4637,290,156.14,283800,68.3,279,14.72222222,0,9073359.12384,11,206092904.681088,15.6
"2010-10-24",1.4,38314471306.4637,290,155.58,295300,77.1,278,10.55555556,0,259712857.6992,15,914800338.864,14.4
"2010-10-31",1.4,38314471306.4637,290,156.22,319400,71.1,405,9.166666667,2,34981507.05696,21,2207398986.98496,13.3
"2010-11-07",1.3,38314471306.4637,290,156.77,320300,71.8,393,7.5,0,53589293.39232,26,2530083564.80064,14.4
"2010-11-14",1.3,38314471306.4637,290,157.03,319500,70.1,629,9.722222222,4,55239451.51968,31,2916285917.6448,13.3
"2010-11-21",1.3,38314471306.4637,290,156.89,317900,72.7,622,-0.277777778,0,51331898.87136,35,3276562271.37408,13.3
"2010-11-28",1.3,38314471306.4637,290,156.35,315100,72.1,824,-3.611111111,1,53085532.25664,39,3650594481.15552,11.1
"2010-12-05",1.4,38314471306.4637,290,157.27,311400,58.7,828,6.111111111,0,59061874.52448,43,4013285287.71456,13.3
"2010-12-12",1.6,38314471306.4637,290,70.5,315800,141,821,6.944444444,3,107418416.2848,48,4701521593.4112,12.2
"2010-12-19",1.6,38314471306.4637,290,70.92,309100,570,1358,6.388888889,0,362320751.7216,49,5856609335.9328,13.3
"2010-12-26",1.8,38314471306.4637,290,87.36,304200,131,1354,0.277777778,1,78350316.8112,52,6684375345.3504,11.1
"2011-01-02",1.5,38314471306.4637,290,74.05,297400,82.6,933,1.111111111,0,69893083.97568,53,7212432804.20064,11.1
"2011-01-09",1.5,38314471306.4637,290,69.99,293100,59.3,854,1.388888889,7,53360939.60064,60,7627100442.96672,10
"2011-01-16",1.4,38314471306.4637,290,70.27,288900,55.6,851,7.222222222,5,78810292.2672,66,8050081143.13056,11.1
"2011-01-23",1.6,38314471306.4637,290,70.06,288000,54.7,849,8.055555556,12,68349152.99808,73,8592852091.2768,11.1
"2011-01-30",1.6,38314471306.4637,290,70.11,284800,54.9,859,2.222222222,0,60766438.08384,78,9039074994.072,11.1
"2011-02-06",1.5,38314471306.4637,290,69.73,276500,133,1338,10,7,59778604.64448,85,9417591593.41824,13.3
"2011-02-13",1.4,38314471306.4637,290,70.29,263900,127,1349,9.166666667,14,53707536.91584,92,9811727885.42784,11.1
"2011-02-20",1.5,38314471306.4637,290,69.65,251800,125,1356,-0.833333333,1,59284858.05504,94,10222419242.9722,10
"2011-02-27",1.5,38314471306.4637,290,69.6,238200,118,1384,-1.388888889,2,52319504.41344,99,10596175332.8688,8.9
"2011-03-06",1.6,38314471306.4637,290,75.61,226100,127,1414,3.611111111,1,73064563.0128,103,11037591193.5936,12.2
"2011-03-13",1.55,38314471306.4637,290,125.38,217600,120,1300,7.222222222,0,81199149.57216,108,11586222053.3549,12.2
"2011-03-20",1.5,38314471306.4637,290,98.54,217700,133,1262,0.833333333,0,89147430.144,109,12572717081.8925,10
"2011-03-27",1.5,38314471306.4637,290,98.89,210000,127,1261,5,1,70537787.63424,110,13093931458.4026,10
"2011-04-03",1.4,38314471306.4637,290,118.39,216500,149,1265,10.27777778,8,218036265.264,117,14194961412.7421,12.2
"2011-04-10",1.5,38314471306.4637,290,117.8,222900,153,1273,5.277777778,2,141583838.8032,121,15480205755.4685,10
"2011-04-17",1.6,38314471306.4637,290,158.7,223200,142,1297,13.33333333,4,208723275.5328,127,16498742528.4797,12.2
"2011-04-24",1.6,38314471306.4637,290,158.77,238000,147,1276,7.777777778,0,147173185.2672,128,17972252103.6605,11.1
"2011-05-01",1.5,38314471306.4637,290,159.84,240100,160,1271,10.83333333,6,195091049.1456,134,19073973964.2077,11.1
"2011-05-08",1.5,38314471306.4637,290,159.26,275500,229,1248,9.722222222,13,384698100.9024,141,21479545454.8349,12.2
"2011-05-11",1.5,38314471306.4637,290,160.08,282000,681,1273,12.5,2,303421599.3024,143,22426063592.6909,10
"2011-05-15",1.6,38314471306.4637,290,159.17,297700,1470,1269,3.055555556,0,372441696.9696,145,23922905194.7165,12.2
"2011-05-18",1.5,38314471306.4637,290,162.22,302100,805,802,4.722222222,0,219992666.8608,145,24733126428.4829,8.9
"2011-05-22",1.5,38314471306.4637,290,160.21,307100,810,1315,12.77777778,4,280954490.1984,149,25711237270.8317,12.2
"2011-05-25",1.6,38314471306.4637,290,161.6,302900,5010,1309,10.83333333,7,340310249.424,152,26677048508.2109,10
"2011-05-29",1.7,38314471306.4637,290,199.9,267600,5440,1298,5.833333333,0,315642425.8752,154,28023136087.6829,12.2
"2011-06-01",1.6,38314471306.4637,290,199.74,250500,3280,1291,8.055555556,0,235759225.536,156,28813449943.0685,10
"2011-06-05",1.55,38314471306.4637,290,202.74,241900,2170,1078,12.5,0,250847816.0256,158,29722184671.3661,12.2
"2011-06-08",1.5,38314471306.4637,290,202.5,243000,2170,1332,12.77777778,2,432527746.4064,160,30822187083.3533,11.1
"2011-06-12",1.6,38314471306.4637,290,210.66,251700,5880,1302,15,6,698519998.8576,164,33176707805.6669,14.4
"2011-06-15",1.6,38314471306.4637,290,218.5,262300,5980,1316,18.88888889,9,844392450.0096,167,35574458456.5085,11.7
"2011-06-19",1.65,38314471306.4637,290,218.74,275100,6150,1297,17.22222222,13,794798608.9536,171,38889285206.4893,13.3
"2011-06-22",1.6,38314471306.4637,290,218.26,287300,6240,1211,22.22222222,16,894057367.68,174,41467002328.8317,12.2
"2011-06-26",1.7,38314471306.4637,290,217.67,310600,4230,1175,17.77777778,20,795300095.2896,178,44843733309.7181,17.8
"2011-06-29",1.5,38314471306.4637,290,217.3,340900,1850,1253,12.77777778,1,681342258.096,180,46970452870.3037,13.3
"2011-07-03",1.6,38314471306.4637,290,217.47,356500,6100,989,23.05555556,5,705950982.8352,184,49691178141.6701,14.4
"2011-07-07",1.5,38314471306.4637,290,217.39,360000,6450,1252,22.77777778,9,710940421.7856,188,52621253480.8253,13.3
"2011-07-10",1.7,38314471306.4637,290,216.83,360000,5220,1261,20.55555556,12,560843634.4416,191,54451664799.2093,14.4
"2011-07-17",1.55,38314471306.4637,290,250.42,361200,2420,1328,17.22222222,19,331077109.1904,198,57291053573.5229,15.6
"2011-07-24",1.4,38314471306.4637,290,251.06,363200,1700,1330,21.66666667,26,251865213.4368,205,59272404525.0749,13.9
"2011-07-31",1.5,38314471306.4637,290,250.67,363200,1390,1306,22.5,0,224561172.096,211,60854504109.6125,15.6
"2011-08-07",1.5,38314471306.4637,290,249.75,358400,213,1291,20.27777778,7,97989062.3424,218,61877381609.1197,14.4
"2011-08-14",1.4,38314471306.4637,290,250.61,357200,138,447,21.66666667,14,57929608.08,225,62383489622.591,15.6
"2011-08-21",1.6,38314471306.4637,290,250.62,356300,132,426,19.72222222,21,36005518.34496,232,62692940066.6246,13.9
"2011-08-28",1.4,38314471306.4637,290,250.06,353800,133,428,23.33333333,28,32868453.888,239,62933415505.7558,14.4
"2011-09-04",1.4,38314471306.4637,290,249.44,349800,107,426,22.77777778,35,21647085.60672,246,63118379233.8691,13.9
"2011-09-11",1.4,38314471306.4637,290,250.08,344900,104,424,18.33333333,0,29603678.0832,251,63267831099.4378,15.6
"2011-09-18",1.3,38314471306.4637,290,251.45,341800,83.2,429,18.61111111,5,22143164.65056,256,63488022548.3165,15.6
"2011-09-25",1.2,38314471306.4637,290,251.18,336000,86.8,583,16.38888889,1,12266681.84352,262,63591938223.0998,14.4
"2011-10-02",1.3,63675260174.9146,267,232.8,329600,86,501,17.22222222,8,6854874.074784,2,13378949.93664,16.1
"2011-10-09",1.3,63675260174.9146,267,232.36,324800,68.1,541,11.66666667,3,38795279.27904,6,187872381.75456,13.3
"2011-10-16",1.3,63675260174.9146,267,239.74,325000,68.4,403,16.66666667,6,35027855.18784,12,560624209.06176,15.6
"2011-10-23",1.15,63675260174.9146,267,153.1,321400,67.2,455,15.83333333,13,13378949.93664,19,703368888.62112,15.6
"2011-10-30",1.3,63675260174.9146,267,151.64,318100,62.2,261,13.61111111,20,8374970.623104,26,785749603.6656,15
"2011-11-06",1.25,63675260174.9146,267,151.2,314700,62.4,269,0.277777778,0,15939737.11584,29,863949534.64128,15
"2011-11-13",1.3,63675260174.9146,267,80.48,311400,62,319,8.611111111,2,8318166.156,35,974851587.345024,13.9
"2011-11-20",1.1,63675260174.9146,267,132.37,306000,63.5,409,3.333333333,0,10920154.09536,39,1042613844.33859,13.3
"2011-11-27",1.2,63675260174.9146,267,86.09,301700,63.2,279,8.333333333,7,8359142.343552,46,1129091162.15894,11.9
"2011-12-04",1,63675260174.9146,267,1.1,298400,52.9,254,3.055555556,14,19972385.34336,53,1219644066.05712,12.2
"2012-01-15",0.8,63675260174.9146,267,133,285000,34.3,187,4.722222222,56,0,95,1485120322.88873,11.7
"2012-01-22",0.8,63675260174.9146,267,150.12,285900,43.5,300,1.388888889,0,48055907.65536,98,1723823202.67491,11.4
"2012-01-29",0.9,63675260174.9146,267,150.32,285500,43.3,300,7.5,6,18317738.01024,104,1912751019.44931,11.7
"2012-02-05",1,63675260174.9146,267,182.1,283400,57.4,276,5.555555556,13,14295737.25216,111,2026156596.77667,12
"2012-02-12",0.85,63675260174.9146,267,181.68,280500,57.1,319,5.833333333,0,17073774.13824,115,2130965932.06659,13.3
"2012-02-19",0.8,63675260174.9146,267,182.23,277900,59.7,329,5,5,17986268.01312,121,2257484252.85219,13.4
"2012-02-26",0.85,63675260174.9146,267,181.16,275300,56.9,314,4.444444444,12,18391820.83488,128,2380853423.71299,12.8
"2012-03-04",1,63675260174.9146,267,172.47,273200,43.3,326,8.888888889,3,25166730.69792,131,2522838404.22051,14.3
"2012-03-11",0.9,63675260174.9146,267,181.75,272400,43.4,315,7.222222222,5,24971777.1504,136,2702203263.68259,15
"2012-03-18",0.9,63675260174.9146,267,190.42,273400,46.7,338,-0.555555556,0,50439799.6992,137,3008591752.83555,13.9
"2012-03-25",0.9,63675260174.9146,267,200.91,277000,45.3,337,3.611111111,0,53027364.96864,140,3402205497.45507,10
"2012-04-01",1,63675260174.9146,267,193.52,281000,47.5,354,4.444444444,1,77347398.60576,144,3820566035.50851,11.1
"2012-04-08",1,63675260174.9146,267,216.21,283500,45.2,624,11.94444444,8,48462171.42816,151,4245792039.68835,10.6
"2012-04-15",1.1,63675260174.9146,267,254.52,283000,98.7,1017,7.222222222,2,83423638.85184,154,4737933200.21187,12
"2012-04-22",1,63675260174.9146,267,239.44,297400,109,1091,20.55555556,9,328863640.9824,161,6176693490.44547,11.7
"2012-04-29",1,63675260174.9146,267,231.91,333000,208,1327,14.44444444,3,291936563.9424,166,8672376590.89347,12.2
"2012-05-06",1.05,63675260174.9146,267,267.7,349300,818,891,15.55555556,10,239672768.7456,173,10671669208.8519,12.2
"2012-05-13",1.2,63675260174.9146,267,288.95,362500,1330,1263.3,17.5,17,297780732.7776,180,12618155881.5495,12.8
"2012-05-20",1.1,63675260174.9146,267,289.44,361700,1140,1013.76,18.88888889,24,227358298.224,187,14395508657.9655,13.9
"2012-05-27",1.2,63675260174.9146,267,288.65,358500,174,1224.57,10.83333333,1,108199365.3216,193,15551122932.8007,11.1
"2012-06-03",1.25,63675260174.9146,267,282.05,361300,486,632,20,8,129015275.7312,200,16375461926.9127,18.3
"2012-06-10",1.4,63675260174.9146,267,266.12,359900,152,662.13,17.5,6,66192949.6992,206,17049945124.4227,17.2
"2012-06-17",1.45,63675260174.9146,267,276.44,358400,121,425.66,24.44444444,13,42490937.71584,213,17414049771.6912,12.8
"2012-06-24",1.3,63675260174.9146,267,277.42,354600,114,403.31,14.44444444,20,24418520.712,220,17633109842.7063,13.3
"2012-07-01",1.3,63675260174.9146,267,276.9,348900,115,419.21,19.16666667,27,20842497.75456,227,17762430884.737,13.3
"2012-07-08",1.8,63675260174.9146,267,264.9,342800,113,462.41,23.61111111,34,18352575.22464,234,17894766896.7063,13.9
"2012-07-15",1.4,63675260174.9146,267,265.39,336500,114,445.84,21.38888889,41,13786885.63584,241,18005791601.065,14.4
"2012-07-22",1.4,63675260174.9146,267,265.37,329700,113,446.3,25.55555556,3,15907561.12512,247,18085777120.6992,13.9
"2012-07-29",1.33,63675260174.9146,267,289.38,322500,112,432.23,21.66666667,10,22254618.13632,254,18157956087.3166,15
"2012-08-05",1.37,63675260174.9146,267,288.01,315000,115,448.91,23.88888889,1,22253835.22272,260,18221767852.4845,11.1
"2012-08-12",1.4,63675260174.9146,267,288.26,307300,115,442,27.77777778,8,24806075.26464,267,18288062795.0587,15
"2012-08-19",1.4,63675260174.9146,267,263.4,300100,113,462.83,25,2,19733431.8528,272,18380508651.2846,14.4
"2012-08-26",1.375,63675260174.9146,267,260.93,293200,114,453.53,21.38888889,9,7539455.046816,279,18455594765.0271,12.2
"2012-09-02",1.3,63675260174.9146,267,262.93,286000,81.5,412.13,20,16,24869088.40896,286,18516530730.4396,14.4
"2012-09-09",1.4,63675260174.9146,267,263.67,279100,81.4,417.42,23.61111111,23,22921657.03296,293,18562297120.6588,14.4
"2012-09-16",1.5,63675260174.9146,267,239.93,272100,64.6,401.27,21.94444444,30,20487728.71872,300,18604464299.6838,14.4
"2012-09-23",1.45,63675260174.9146,267,239.77,265700,68.9,363.15,21.38888889,37,23269567.30848,307,18649662567.065,18.9
"2012-09-30",1.5,63675260174.9146,267,239.39,259200,68.2,348.39,22.77777778,44,9962360.19936,314,18674558217.9185,13.9
"2012-10-07",1.8,18674558217.9185,314,212.75,252900,53.2,412.41,15.55555556,51,3989143.746144,7,11695518.1751616,13.9
"2012-10-14",1.38,18674558217.9185,314,211.04,247000,53.2,358.52,15.55555556,2,34337165.37984,12,69400110.6849024,12.8
"2012-10-21",1.43,18674558217.9185,314,211.26,241300,53,359.58,15,0,3309361.087968,18,89932396.3700544,13.3
"2012-10-28",1.4,18674558217.9185,314,186.56,236000,52.7,377,14.16666667,5,7815465.29952,23,135640443.487622,13.3
"2012-11-04",1.4,18674558217.9185,314,186.71,231200,55,296,14.16666667,12,10154417.36832,30,172792352.571494,13.3
"2012-11-11",1.4,18674558217.9185,314,151.17,226100,53.8,345,0.555555556,1,423836.5509504,34,177949030.608461,12.8
"2012-11-18",1.4,18674558217.9185,314,151.13,222800,53.3,250,7.5,0,17288999.31168,37,257756444.014349,12.8
"2012-11-25",1.4,18674558217.9185,314,141.2,220900,52.2,285,8.611111111,4,11655505.152,42,372747336.822029,12.8
"2012-12-02",1.4,18674558217.9185,314,101.03,227400,51.8,266,8.611111111,0,254023546.2624,44,943843922.215949,13.3
"2012-12-09",1.4,18674558217.9185,314,98.07,234900,43.4,200,5.833333333,4,49344654.69504,49,1525122539.19579,12.2
"2012-12-16",1.5,18674558217.9185,314,97.46,236400,42.8,173,1.388888889,0,29786056.37856,52,1734264149.97243,11.7
"2012-12-23",1.5,18674558217.9185,314,98.64,239100,51,182,1.111111111,0,37909526.2992,55,1960268329.41339,11.1
"2012-12-30",1.5,18674558217.9185,314,88.26,240500,43,381,-0.833333333,4,25377587.94528,60,2184503460.52539,10.6
"2013-01-06",1.4,18674558217.9185,314,87.81,241600,56,204,1.388888889,0,27586027.5696,66,2372993632.29531,10
"2013-01-13",1.3,18674558217.9185,314,87.76,242900,58.7,170,-4.166666667,2,25034372.14464,70,2569747377.09819,10
"2013-01-20",1.5,18674558217.9185,314,88.05,243800,61.5,168,4.444444444,9,28552998.10464,77,2748818216.41851,8.9
"2013-01-27",1.4,18674558217.9185,314,65.35,247700,64.7,179,0.833333333,0,50118265.69344,81,3061235712.66555,10
"2013-02-17",1.4,18674558217.9185,314,104.11,251700,72.2,169,8.333333333,9,23828693.97888,100,3695956761.31131,10
"2013-02-24",1.4,18674558217.9185,314,163.04,251200,71.9,202,5,4,17153468.3232,105,3831416562.99099,9.4
"2013-03-03",1.3,18674558217.9185,314,182.39,250300,65.6,296,7.5,0,45247886.53056,111,4001571636.16539,10.6
"2013-03-10",1.47,18674558217.9185,314,182.13,247900,66.1,617,6.666666667,1,45538699.71168,113,4256509041.85467,8.9
"2013-03-17",1.3,18674558217.9185,314,182.91,248400,68.8,848,10.83333333,8,83185787.30688,120,4754100962.14491,9.4
"2013-03-24",1.4,18674558217.9185,314,182.89,247500,64.7,840,9.722222222,3,69121004.58144,125,5289752395.98939,10
"2013-03-31",1.4,18674558217.9185,314,211.78,242700,131,1332,8.611111111,0,110334519.1872,129,5914027823.57499,11.1
"2013-04-07",1.3,18674558217.9185,314,212.93,238900,144,1333,11.38888889,2,118448982.8928,132,6737182079.28699,10
"2013-04-14",1.4,18674558217.9185,314,212.24,247100,81.6,744,12.22222222,6,180989441.28,138,7711439337.00219,9.4
"2013-04-21",1.3,18674558217.9185,314,290.35,249000,144,1322,15,5,198787964.4864,144,8784886787.35419,11.1
"2013-04-28",1.4,18674558217.9185,314,290.8,270800,151,1299,18.33333333,12,329815218.2688,151,10768423419.6646,11.1
"2013-05-05",1.4,18674558217.9185,314,290.58,299400,155,1324,14.44444444,19,249292584.0576,158,12991785899.9206,12.2
"2013-05-12",1.5,18674558217.9185,314,290.06,314200,150,1291,21.11111111,1,318409292.0448,159,14689327114.471,12.2
"2013-05-19",1.5,18674558217.9185,314,289.85,333700,152,1307,14.72222222,2,208250753.1552,164,16533644555.1046,11.7
"2013-05-26",1.4,18674558217.9185,314,280.64,341200,87.8,884,13.05555556,9,137295918.864,171,17672519152.9894,12.2
"2013-06-02",1.4,18674558217.9185,314,292.05,351800,181,1218,21.38888889,4,182620267.5456,176,18857795291.2102,12.8
"2013-06-09",1.5,18674558217.9185,314,291.44,358700,159,715,24.44444444,11,131856229.728,183,19991577033.5782,14.4
"2013-06-16",1.5,18674558217.9185,314,291.45,360200,123,458,18.88888889,18,56517566.82336,190,20615577108.1049,12.6
"2013-06-23",1.5,18674558217.9185,314,306.91,358000,113,456,17.22222222,25,50742326.37888,197,20927196441.4543,22.2
"2013-06-30",1.5,18674558217.9185,314,301.59,359800,114,462,26.66666667,5,48196661.18688,203,21448148640.223,14.4
"2013-07-07",1.5,18674558217.9185,314,306.14,356400,112,528,24.16666667,12,29895616.86624,210,21773016757.8655,14.4
"2013-07-14",1.5,18674558217.9185,314,307.04,350000,115,451,23.05555556,19,10850062.76928,217,21890824682.3763,11.1
"2013-07-21",1.5,18674558217.9185,314,307.91,342900,114,438,26.38888889,26,8999467.95168,224,21981851494.0121,15
"2013-07-28",1.5,18674558217.9185,314,306.39,335500,115,389,24.16666667,33,11179620.75168,231,22075333693.6788,13.3
"2013-08-04",1.6,18674558217.9185,314,307.06,327100,115,514,22.22222222,40,0,238,22086057003.3756,14.4
"2013-08-11",1.9,18674558217.9185,314,303.75,318800,116,574,20.27777778,47,0,245,22086057003.3756,13.9
"2013-08-25",1.6,18674558217.9185,314,302.02,302800,115,397,20,61,28043617.176,259,22220137543.3184,12.2
"2013-09-01",1.5,18674558217.9185,314,302.37,294700,101,470,19.44444444,68,14222332.32192,266,22308298875.4362,15.6
"2013-09-08",1.5,18674558217.9185,314,286.1,286800,86.7,463,22.77777778,75,7051906.44432,273,22351228308.3063,15
"2013-09-15",1.5,18674558217.9185,314,284.74,279400,80.1,400,22.5,82,35852129.40096,280,22421891289.2096,15
"2013-09-22",1.5,18674558217.9185,314,284.76,272200,67.5,501,11.38888889,1,5925971.80224,286,22455965627.0733,12.2
"2013-09-29",1.6,18674558217.9185,314,259.69,265200,70.2,436,15.55555556,8,6459309.264096,293,22530057205.954,15
"2013-10-06",1.4,22536516515.2181,294,259.25,258400,54,463,15.27777778,15,1802944.220544,6,27287804.422944,15.6
"2013-10-13",1.5,22536516515.2181,294,259.97,251900,53.8,456,11.38888889,1,10135470.2112,10,85483997.52048,13.3
"2013-10-20",1.5,22536516515.2181,294,229.05,245400,54.4,472,15.27777778,8,5798658.439584,17,114024813.36889,14.4
"2013-10-27",1.4,22536516515.2181,294,228.84,239400,55.9,432,14.44444444,0,4921550.440704,23,172429068.23833,13.3
"2013-11-03",1.5,22536516515.2181,294,228.19,233800,58,405,10,6,6518197.533312,29,261878118.569626,11.65
"2013-11-10",1.4,22536516515.2181,294,173.77,228100,59,389,12.77777778,13,0,36,265287060.958234,13.3
"2013-11-17",1.4,22536516515.2181,294,171.59,223200,58.7,307,8.055555556,20,64432757.232,43,358808211.199584,12.8
"2013-11-24",1.3,22536516515.2181,294,172.15,219000,58.7,280,5.833333333,4,1048905.350208,48,415486561.01328,13.9
"2013-12-01",1.4,22536516515.2181,294,138.51,214600,55.9,304,7.222222222,11,4949290.484352,55,438425113.41072,12.2
"2013-12-08",1.3,22536516515.2181,294,0.67,210400,47,311,-5.833333333,0,5674186.565568,58,486218261.92608,12.2
"2013-12-15",1.2,22536516515.2181,294,0.74,206400,47,303,3.888888889,7,6695468.728992,65,530393675.102784,12.2
"2013-12-22",1.2,22536516515.2181,294,53.4,202900,46.4,255,5.555555556,3,6174114.897024,71,603033261.715008,12.2
"2013-12-29",1.1,22536516515.2181,294,151.31,199000,46.2,275,8.333333333,10,2749605.824736,78,647266206.330144,11.7
"2014-01-05",1.2,22536516515.2181,294,177.37,195400,40.7,243,7.5,17,38957141.95488,85,738596022.192288,10.6
"2014-01-26",1.25,22536516515.2181,294,303.48,192300,36.8,256,8.611111111,38,0,106,785476823.042995,11.1
"2014-02-02",1.1,22536516515.2181,294,276.72,189800,35.2,278,1.388888889,2,10209593.54016,111,840576274.195507,11.1
"2014-02-09",1.1,22536516515.2181,294,275.88,189000,40.6,336,5.833333333,0,82275112.74816,114,1037635854.30991,10.6
"2014-02-16",1.1,22536516515.2181,294,275.88,188600,34.7,435,10,0,26290638.30528,119,1273148364.55087,10
"2014-02-23",1.2,22536516515.2181,294,274.32,185300,34.2,442,9.722222222,7,25168704.94656,126,1442603338.37839,11.7
"2014-03-02",1.1,22536516515.2181,294,202.33,185600,36.7,509,6.111111111,1,54578278.04256,130,1807775496.08623,11.7
"2014-03-09",1.2,22536516515.2181,294,201.15,187000,37.2,405,10.83333333,3,45875800.008,134,2210795760.16495,10
"2014-03-16",1.2,22536516515.2181,294,200.99,185100,34.1,527,13.88888889,10,39408484.75488,141,2460330484.53391,11.7
"2014-03-23",1.2,22536516515.2181,294,274.79,185400,34.3,503,12.22222222,17,49955277.43296,148,2785571969.46895,11.7
"2014-03-30",1.2,22536516515.2181,294,275.88,187100,35.6,467,5,0,55915711.5168,151,3161712699.87535,11.1
"2014-04-06",1.18,22536516515.2181,294,296.26,189300,36.6,330,8.888888889,1,65823573.40416,153,3551099032.21231,11.7
"2014-04-13",1.17,22536516515.2181,294,297.27,202900,34,346,14.72222222,8,165382715.3472,160,4426241291.48719,11.1
"2014-04-20",1.18,22536516515.2181,294,300.83,229700,38.2,357,15.83333333,15,224387281.3824,167,5914138357.18639,12.2
"2014-04-27",1.2,22536516515.2181,294,303.22,245700,36,489,7.5,1,113251621.6512,171,6913656697.05199,11.7
"2014-05-04",1.22,22536516515.2181,294,304.32,265800,85.5,470,14.16666667,8,225958531.392,178,8100916231.68559,13.3
"2014-05-11",1.2,22536516515.2181,294,304.1,281600,84.6,453,13.88888889,4,115723660.8672,183,9129515552.70319,12.8
"2014-05-18",1.24,22536516515.2181,294,302.62,306200,85,516,14.44444444,11,225479509.6608,190,10542047921.1992,12.2
"2014-05-25",1.22,22536516515.2181,294,270.89,324800,83.7,496,19.44444444,4,227834699.7024,195,11879599135.916,12.2
"2014-06-01",1.24,22536516515.2181,294,270.77,345000,82.1,485,19.16666667,11,143481365.7984,202,13268970342.4664,13.9
"2014-06-08",1.25,22536516515.2181,294,271.08,354600,79.2,509,24.16666667,18,110981368.6848,209,14133553742.5688,13.9
"2014-06-15",1.28,22536516515.2181,294,271.28,357400,76.8,535,17.77777778,25,48527392.99104,216,14675146160.6907,12.8
"2014-06-22",1.295,22536516515.2181,294,261.11,354200,73.7,460,21.11111111,32,26509201.4304,223,14889167545.9477,12.8
"2014-06-29",1.38,22536516515.2181,294,251.51,351000,73.3,373,23.61111111,3,29937283.32672,229,15112911105.02,12.8
"2014-07-06",1.38,22536516515.2181,294,226.29,346400,71.9,377,25.27777778,10,17315675.95968,236,15275904946.3957,13.3
"2014-07-13",1.36,22536516515.2181,294,210.96,340800,70.9,348,26.66666667,17,12536349.21216,243,15391677215.851,15
"2014-07-20",1.38,22536516515.2181,294,210.73,335700,74.8,404,23.33333333,4,35407054.16064,249,15544422639.812,13.9
"2014-07-27",1.37,22536516515.2181,294,205.94,329700,73.2,379,25.83333333,6,7731999.813312,255,15644359541.6909,13.3
"2014-08-03",1.33,22536516515.2181,294,210.3,323500,74.1,344,23.33333333,13,8768704.74048,262,15709409774.8959,15
"2014-08-10",1.34,22536516515.2181,294,210.01,318200,73.6,327,24.72222222,6,9695682.09792,268,15787286610.1659,13.9
"2014-08-17",1.35,22536516515.2181,294,210.53,312800,74.3,305,23.61111111,13,3482428.452768,275,15860460556.4401,15
"2014-08-24",1.34,22536516515.2181,294,210.22,307200,75.5,296,21.38888889,20,3858230.084256,282,15893037189.3109,15
"2014-08-31",1.38,22536516515.2181,294,184.54,301500,74.2,286,22.22222222,27,3056519.937024,289,15922347330.5323,14.4
"2014-09-07",1.37,22536516515.2181,294,139.5,295800,73.4,254,23.05555556,34,4061982.822912,296,15959173420.0875,13.9
"2014-09-14",1.53,22536516515.2181,294,184.14,290100,73.1,276,23.88888889,5,0,301,15963235402.9104,13.9
"2014-09-21",1.42,22536516515.2181,294,183.58,285400,50.5,327,20.27777778,0,0,307,16041869259.0682,15.6
"2014-09-28",1.54,22536516515.2181,294,186.38,279900,50.5,298,11.11111111,0,4751753.491296,311,16047272462.6349,12.8
